"Subj","Word_Category","Order","Word","Exclude","word_fix","temp_combo","duplicate"
107,"Emotion",4,"sad",0,"sad","107 sad",0
107,"Emotion",7,"sad",0,"sad","107 sad",1
110,"Emotion",2,"surprise",0,"surprise","110 surprise",0
110,"Emotion",7,"surprise",0,"surprise","110 surprise",1
111,"Animal",4,"lion",0,"lion","111 lion",0
111,"Animal",12,"lion",0,"lion","111 lion",1
114,"Emotion",1,"sad",0,"sad","114 sad",0
114,"Emotion",5,"sad",0,"sad","114 sad",1
115,"Animal",2,"giraffe",0,"giraffe","115 giraffe",0
115,"Animal",5,"giraffe",0,"giraffe","115 giraffe",1
115,"Animal",10,"crane",0,"crane","115 crane",0
115,"Animal",14,"crane",0,"crane","115 crane",1
117,"Animal",1,"giraffe",0,"giraffe","117 giraffe",0
117,"Animal",7,"giraffe",0,"giraffe","117 giraffe",1
117,"Emotion",1,"sad",0,"sad","117 sad",0
117,"Emotion",2,"mad",0,"mad","117 mad",0
117,"Emotion",7,"sad",0,"sad","117 sad",1
117,"Emotion",9,"mad",0,"mad","117 mad",1
123,"Emotion",1,"sad",0,"sad","123 sad",0
123,"Emotion",4,"sad",0,"sad","123 sad",1
124,"Animal",1,"rhino",0,"rhino","124 rhino",0
124,"Animal",8,"rhino",0,"rhino","124 rhino",1
124,"Emotion",2,"happy",0,"happy","124 happy",0
124,"Emotion",4,"happy",0,"happy","124 happy",1
125,"Emotion",1,"sad",0,"sad","125 sad",0
125,"Emotion",5,"sad",0,"sad","125 sad",1
129,"Emotion",4,"silly",0,"silly","129 silly",0
129,"Emotion",7,"silly",0,"silly","129 silly",1
143,"Emotion",1,"sad",0,"sad","143 sad",0
143,"Emotion",6,"sad",0,"sad","143 sad",1
145,"Animal",3,"sheep",0,"sheep","145 sheep",0
145,"Animal",5,"fox",0,"fox","145 fox",0
145,"Animal",8,"fox",0,"fox","145 fox",1
145,"Animal",11,"llama",0,"llama","145 llama",0
145,"Animal",13,"cow",0,"cow","145 cow",0
145,"Animal",14,"sheep",0,"sheep","145 sheep",1
145,"Animal",18,"cow",0,"cow","145 cow",1
145,"Animal",19,"llama",0,"llama","145 llama",1
145,"Animal",20,"sheep",0,"sheep","145 sheep",1
145,"Emotion",1,"sad",0,"sad","145 sad",0
145,"Emotion",3,"scared",0,"scared","145 scared",0
145,"Emotion",6,"sad",0,"sad","145 sad",1
145,"Emotion",7,"scared",0,"scared","145 scared",1
150,"Animal",2,"zebra",0,"zebra","150 zebra",0
150,"Animal",6,"zebra",0,"zebra","150 zebra",1
152,"Animal",3,"monkey",0,"monkey","152 monkey",0
152,"Animal",11,"monkey",0,"monkey","152 monkey",1
155,"Emotion",2,"angry",0,"angry","155 angry",0
155,"Emotion",3,"angry",0,"angry","155 angry",1
162,"Emotion",1,"sad",0,"sad","162 sad",0
162,"Emotion",2,"grumpy",0,"grumpy","162 grumpy",0
162,"Emotion",5,"grumpy",0,"grumpy","162 grumpy",1
162,"Emotion",6,"sad",0,"sad","162 sad",1
170,"Emotion",3,"grouchy",0,"grouchy","170 grouchy",0
170,"Emotion",4,"happy",0,"happy","170 happy",0
170,"Emotion",9,"happy",0,"happy","170 happy",1
170,"Emotion",10,"grouchy",0,"grouchy","170 grouchy",1
171,"Animal",1,"lion",0,"lion","171 lion",0
171,"Animal",5,"lion",0,"lion","171 lion",1
172,"Animal",2,"squirrel",0,"squirrel","172 squirrel",0
172,"Animal",6,"squirrel",0,"squirrel","172 squirrel",1
173,"Emotion",1,"sad",0,"sad","173 sad",0
173,"Emotion",4,"sad",0,"sad","173 sad",1
182,"Animal",3,"fish",0,"fish","182 fish",0
182,"Animal",13,"fish",0,"fish","182 fish",1
185,"Animal",6,"seal",0,"seal","185 seal",0
185,"Animal",11,"seal",0,"seal","185 seal",1
188,"Emotion",1,"mad",0,"mad","188 mad",0
188,"Emotion",6,"mad",0,"mad","188 mad",1
189,"Emotion",1,"sad",0,"sad","189 sad",0
189,"Emotion",2,"sad",0,"sad","189 sad",1
190,"Animal",2,"cow",0,"cow","190 cow",0
190,"Animal",4,"cow",0,"cow","190 cow",1
191,"Animal",1,"squirrel",0,"squirrel","191 squirrel",0
191,"Animal",6,"squirrel",0,"squirrel","191 squirrel",1
191,"Emotion",1,"sad",0,"sad","191 sad",0
191,"Emotion",2,"angry",0,"angry","191 angry",0
191,"Emotion",3,"sad",0,"sad","191 sad",1
191,"Emotion",4,"angry",0,"angry","191 angry",1
193,"Emotion",1,"sad",0,"sad","193 sad",0
193,"Emotion",2,"happy",0,"happy","193 happy",0
193,"Emotion",7,"happy",0,"happy","193 happy",1
193,"Emotion",8,"sad",0,"sad","193 sad",1
195,"Animal",4,"tiger",0,"tiger","195 tiger",0
195,"Animal",5,"mouse",0,"mouse","195 mouse",0
195,"Animal",6,"hamster",0,"hamster","195 hamster",0
195,"Animal",10,"mouse",0,"mouse","195 mouse",1
195,"Animal",11,"hamster",0,"hamster","195 hamster",1
195,"Animal",12,"tiger",0,"tiger","195 tiger",1
197,"Animal",2,"horse",0,"horse","197 horse",0
197,"Animal",4,"pig",0,"pig","197 pig",0
197,"Animal",9,"pig",0,"pig","197 pig",1
197,"Animal",10,"horse",0,"horse","197 horse",1
197,"Emotion",2,"happy",0,"happy","197 happy",0
197,"Emotion",3,"angry",0,"angry","197 angry",0
197,"Emotion",6,"happy",0,"happy","197 happy",1
197,"Emotion",7,"angry",0,"angry","197 angry",1
198,"Emotion",2,"scared",0,"scared","198 scared",0
198,"Emotion",5,"scared",0,"scared","198 scared",1
199,"Animal",2,"cow",0,"cow","199 cow",0
199,"Animal",6,"cow",0,"cow","199 cow",1
106,"Animal",1,"tiger",0,"tiger","106 tiger",0
106,"Animal",2,"lion",0,"lion","106 lion",0
106,"Animal",3,"zebra",0,"zebra","106 zebra",0
106,"Animal",4,"giraffe",0,"giraffe","106 giraffe",0
106,"Emotion",1,NA,NA,NA,"106 NA",0
107,"Animal",1,"giraffe",0,"giraffe","107 giraffe",0
107,"Animal",2,"elephant",0,"elephant","107 elephant",0
107,"Animal",3,"deer",0,"deer","107 deer",0
107,"Animal",4,"pig",0,"pig","107 pig",0
107,"Animal",5,"dog",0,"dog","107 dog",0
107,"Animal",6,"pterodactyl",0,"pterodactyl","107 pterodactyl",0
107,"Animal",7,"dinosaur",0,"dinosaur","107 dinosaur",0
107,"Animal",8,"duck",0,"duck","107 duck",0
107,"Animal",9,"butterfly",0,"butterfly","107 butterfly",0
107,"Animal",10,"fish",0,"fish","107 fish",0
107,"Animal",11,"kitty",0,"kitty","107 kitty",0
107,"Animal",12,"octopus",0,"octopus","107 octopus",0
107,"Emotion",1,"mad",0,"mad","107 mad",0
107,"Emotion",2,"happy",0,"happy","107 happy",0
107,"Emotion",3,"angry",0,"angry","107 angry",0
107,"Emotion",5,"jealous",0,"jealous","107 jealous",0
107,"Emotion",6,"excited",0,"excited","107 excited",0
108,"Animal",1,"elephant",0,"elephant","108 elephant",0
108,"Animal",2,"giraffe",0,"giraffe","108 giraffe",0
108,"Animal",3,"crocodile",0,"crocodile","108 crocodile",0
108,"Animal",4,"lizard",0,"lizard","108 lizard",0
108,"Animal",5,"alligator",0,"alligator","108 alligator",0
108,"Animal",6,"ant",0,"ant","108 ant",0
108,"Animal",7,"fish",0,"fish","108 fish",0
108,"Animal",8,"spider",0,"spider","108 spider",0
108,"Animal",9,"beetle",0,"beetle","108 beetle",0
108,"Emotion",1,"angry",0,"angry","108 angry",0
108,"Emotion",2,"sad",0,"sad","108 sad",0
108,"Emotion",3,"happy",0,"happy","108 happy",0
109,"Animal",1,"zebra",0,"zebra","109 zebra",0
109,"Animal",2,"giraffe",0,"giraffe","109 giraffe",0
109,"Animal",3,"rhino",0,"rhino","109 rhino",0
109,"Animal",4,"hippo",0,"hippo","109 hippo",0
109,"Animal",5,"lion",0,"lion","109 lion",0
109,"Animal",6,"penguin",0,"penguin","109 penguin",0
109,"Animal",7,"waterbuffalo",0,"waterbuffalo","109 waterbuffalo",0
109,"Animal",8,"kangaroo",0,"kangaroo","109 kangaroo",0
109,"Emotion",1,"silly",0,"silly","109 silly",0
109,"Emotion",2,"mad",0,"mad","109 mad",0
109,"Emotion",3,"scared",0,"scared","109 scared",0
109,"Emotion",4,"happy",0,"happy","109 happy",0
109,"Emotion",5,"angry",0,"angry","109 angry",0
109,"Emotion",6,"sad",0,"sad","109 sad",0
109,"Emotion",7,"feelinglikeyouwanttothrowup",0,"feelinglikeyouwanttothrowup","109 feelinglikeyouwanttothrowup",0
110,"Animal",1,"pig",0,"pig","110 pig",0
110,"Animal",2,"koala",0,"koala","110 koala",0
110,"Animal",3,"zebra",0,"zebra","110 zebra",0
110,"Animal",4,"giraffe",0,"giraffe","110 giraffe",0
110,"Animal",5,"crocodile",0,"crocodile","110 crocodile",0
110,"Animal",6,"bear",0,"bear","110 bear",0
110,"Animal",7,"alligator",0,"alligator","110 alligator",0
110,"Animal",8,"mouse",0,"mouse","110 mouse",0
110,"Animal",9,"rat",0,"rat","110 rat",0
110,"Animal",10,"bunny",0,"bunny","110 bunny",0
110,"Animal",11,"cat",0,"cat","110 cat",0
110,"Animal",12,"dog",0,"dog","110 dog",0
110,"Animal",13,"lion",0,"lion","110 lion",0
110,"Animal",14,"tiger",0,"tiger","110 tiger",0
110,"Animal",15,"monkey",0,"monkey","110 monkey",0
110,"Animal",16,"lemur",0,"lemur","110 lemur",0
110,"Animal",17,"chameleon",0,"chameleon","110 chameleon",0
110,"Animal",18,"lizard",0,"lizard","110 lizard",0
110,"Animal",19,"gecko",0,"gecko","110 gecko",0
110,"Animal",20,"coyote",0,"coyote","110 coyote",0
110,"Animal",21,"worm",0,"worm","110 worm",0
110,"Animal",22,"ant",0,"ant","110 ant",0
110,"Animal",23,"beetle",0,"beetle","110 beetle",0
110,"Animal",24,"spider",0,"spider","110 spider",0
110,"Emotion",1,"happy",0,"happy","110 happy",0
110,"Emotion",3,"yucky",0,"yucky","110 yucky",0
110,"Emotion",4,"sad",0,"sad","110 sad",0
110,"Emotion",5,"angry",0,"angry","110 angry",0
110,"Emotion",6,"confused",0,"confused","110 confused",0
111,"Animal",1,"bird",0,"bird","111 bird",0
111,"Animal",2,"bunny",0,"bunny","111 bunny",0
111,"Animal",3,"zebra",0,"zebra","111 zebra",0
111,"Animal",5,"kangaroo",0,"kangaroo","111 kangaroo",0
111,"Animal",6,"dinosaur",0,"dinosaur","111 dinosaur",0
111,"Animal",7,"pterodactyl",0,"pterodactyl","111 pterodactyl",0
111,"Animal",8,"penguin",0,"penguin","111 penguin",0
111,"Animal",9,"giraffe",0,"giraffe","111 giraffe",0
111,"Animal",10,"owl",0,"owl","111 owl",0
111,"Animal",11,"hippo",0,"hippo","111 hippo",0
111,"Animal",13,"snake",0,"snake","111 snake",0
111,"Animal",14,"duck",0,"duck","111 duck",0
111,"Emotion",1,"sad",0,"sad","111 sad",0
111,"Emotion",2,"excited",0,"excited","111 excited",0
111,"Emotion",3,"mad",0,"mad","111 mad",0
111,"Emotion",4,"crazy",0,"crazy","111 crazy",0
112,"Animal",1,"cat",0,"cat","112 cat",0
112,"Emotion",1,"happy",0,"happy","112 happy",0
112,"Emotion",2,"sad",0,"sad","112 sad",0
112,"Emotion",3,"mad",0,"mad","112 mad",0
113,"Animal",1,"lion",0,"lion","113 lion",0
113,"Animal",2,"zebra",0,"zebra","113 zebra",0
113,"Animal",3,"camel",0,"camel","113 camel",0
113,"Emotion",1,"happy",0,"happy","113 happy",0
113,"Emotion",2,"sad",0,"sad","113 sad",0
113,"Emotion",3,"angry",0,"angry","113 angry",0
114,"Animal",1,"rhino",0,"rhino","114 rhino",0
114,"Animal",2,"giraffe",0,"giraffe","114 giraffe",0
114,"Animal",3,"zebra",0,"zebra","114 zebra",0
114,"Animal",4,"lion",0,"lion","114 lion",0
114,"Emotion",2,"happy",0,"happy","114 happy",0
114,"Emotion",3,"excited",0,"excited","114 excited",0
114,"Emotion",4,"mad",0,"mad","114 mad",0
115,"Animal",1,"zebra",0,"zebra","115 zebra",0
115,"Animal",3,"snake",0,"snake","115 snake",0
115,"Animal",4,"cobra",0,"cobra","115 cobra",0
115,"Animal",6,"ostrich",0,"ostrich","115 ostrich",0
115,"Animal",7,"tiger",0,"tiger","115 tiger",0
115,"Animal",8,"lion",0,"lion","115 lion",0
115,"Animal",9,"hippo",0,"hippo","115 hippo",0
115,"Animal",11,"sockeyesalmon",0,"sockeyesalmon","115 sockeyesalmon",0
115,"Animal",12,"squid",0,"squid","115 squid",0
115,"Animal",13,"octopus",0,"octopus","115 octopus",0
115,"Animal",15,"duck",0,"duck","115 duck",0
115,"Emotion",1,"happy",0,"happy","115 happy",0
115,"Emotion",2,"sad",0,"sad","115 sad",0
115,"Emotion",3,"okay",0,"okay","115 okay",0
115,"Emotion",4,"angry",0,"angry","115 angry",0
115,"Emotion",5,"upset",0,"upset","115 upset",0
115,"Emotion",6,"mad",0,"mad","115 mad",0
117,"Animal",2,"hippo",0,"hippo","117 hippo",0
117,"Animal",3,"horse",0,"horse","117 horse",0
117,"Animal",4,"chicken",0,"chicken","117 chicken",0
117,"Animal",5,"duck",0,"duck","117 duck",0
117,"Animal",6,"flamingo",0,"flamingo","117 flamingo",0
117,"Animal",8,"hedgehog",0,"hedgehog","117 hedgehog",0
117,"Animal",9,"skunk",0,"skunk","117 skunk",0
117,"Animal",10,"badger",0,"badger","117 badger",0
117,"Animal",11,"panda",0,"panda","117 panda",0
117,"Animal",12,"gorilla",0,"gorilla","117 gorilla",0
117,"Animal",13,"donkey",0,"donkey","117 donkey",0
117,"Animal",14,"polarbear",0,"polarbear","117 polarbear",0
117,"Animal",15,"wolf",0,"wolf","117 wolf",0
117,"Animal",16,"dolphin",0,"dolphin","117 dolphin",0
117,"Animal",17,"shark",0,"shark","117 shark",0
117,"Animal",18,"whale",0,"whale","117 whale",0
117,"Animal",19,"fish",0,"fish","117 fish",0
117,"Animal",20,"walrus",0,"walrus","117 walrus",0
117,"Animal",21,"penguin",0,"penguin","117 penguin",0
117,"Emotion",3,"angry",0,"angry","117 angry",0
117,"Emotion",4,"happy",0,"happy","117 happy",0
117,"Emotion",5,"excited",0,"excited","117 excited",0
117,"Emotion",6,"scared",0,"scared","117 scared",0
117,"Emotion",8,"beautiful",1,"beautiful","117 beautiful",0
118,"Animal",1,"tiger",0,"tiger","118 tiger",0
118,"Animal",2,"lion",0,"lion","118 lion",0
118,"Animal",3,"monkey",0,"monkey","118 monkey",0
118,"Animal",4,"chihuahua",0,"chihuahua","118 chihuahua",0
118,"Animal",5,"ringtailedsloth",0,"ringtailedsloth","118 ringtailedsloth",0
118,"Emotion",1,"happy",0,"happy","118 happy",0
118,"Emotion",2,"sad",0,"sad","118 sad",0
118,"Emotion",3,"mad",0,"mad","118 mad",0
118,"Emotion",4,"angry",0,"angry","118 angry",0
118,"Emotion",5,"frustrated",0,"frustrated","118 frustrated",0
120,"Animal",1,"elephant",0,"elephant","120 elephant",0
120,"Animal",2,"zebra",0,"zebra","120 zebra",0
120,"Animal",3,"giraffe",0,"giraffe","120 giraffe",0
120,"Animal",4,"hippo",0,"hippo","120 hippo",0
120,"Emotion",1,"happy",0,"happy","120 happy",0
120,"Emotion",2,"sad",0,"sad","120 sad",0
120,"Emotion",3,"exhausted",0,"exhausted","120 exhausted",0
120,"Emotion",4,"mad",0,"mad","120 mad",0
121,"Animal",1,"squirrel",0,"squirrel","121 squirrel",0
121,"Animal",2,"bird",0,"bird","121 bird",0
121,"Animal",3,"chipmunk",0,"chipmunk","121 chipmunk",0
121,"Animal",4,"buffalo",0,"buffalo","121 buffalo",0
121,"Animal",5,"elephant",0,"elephant","121 elephant",0
121,"Animal",6,"wildabeast",0,"wildabeast","121 wildabeast",0
121,"Animal",7,"antelope",0,"antelope","121 antelope",0
121,"Animal",8,"tiger",0,"tiger","121 tiger",0
121,"Animal",9,"lion",0,"lion","121 lion",0
121,"Animal",10,"penguin",0,"penguin","121 penguin",0
121,"Animal",11,"bear",0,"bear","121 bear",0
121,"Animal",12,"snake",0,"snake","121 snake",0
121,"Animal",13,"seal",0,"seal","121 seal",0
121,"Animal",14,"dolphin",0,"dolphin","121 dolphin",0
121,"Animal",15,"whale",0,"whale","121 whale",0
121,"Animal",16,"shark",0,"shark","121 shark",0
121,"Animal",17,"rhino",0,"rhino","121 rhino",0
121,"Animal",18,"hippo",0,"hippo","121 hippo",0
121,"Animal",19,"cheetah",0,"cheetah","121 cheetah",0
121,"Animal",20,"cat",0,"cat","121 cat",0
121,"Animal",21,"dog",0,"dog","121 dog",0
121,"Animal",22,"chicken",0,"chicken","121 chicken",0
121,"Animal",23,"horse",0,"horse","121 horse",0
121,"Emotion",1,"angry",0,"angry","121 angry",0
121,"Emotion",2,"happy",0,"happy","121 happy",0
121,"Emotion",3,"mad",0,"mad","121 mad",0
121,"Emotion",4,"sad",0,"sad","121 sad",0
121,"Emotion",5,"frustrated",0,"frustrated","121 frustrated",0
121,"Emotion",6,"scared",0,"scared","121 scared",0
121,"Emotion",7,"surprise",0,"surprise","121 surprise",0
122,"Animal",1,"giraffe",0,"giraffe","122 giraffe",0
122,"Animal",2,"lion",0,"lion","122 lion",0
122,"Animal",3,"elephant",0,"elephant","122 elephant",0
122,"Emotion",1,"sad",0,"sad","122 sad",0
122,"Emotion",2,"happy",0,"happy","122 happy",0
122,"Emotion",3,"reallyhappy",1,"reallyhappy","122 reallyhappy",0
123,"Animal",1,"cougar",0,"cougar","123 cougar",0
123,"Animal",2,"snail",0,"snail","123 snail",0
123,"Animal",3,"lizard",0,"lizard","123 lizard",0
123,"Animal",4,"iguana",0,"iguana","123 iguana",0
123,"Animal",5,"tiger",0,"tiger","123 tiger",0
123,"Animal",6,"lion",0,"lion","123 lion",0
123,"Animal",7,"zebra",0,"zebra","123 zebra",0
123,"Animal",8,"flamingo",0,"flamingo","123 flamingo",0
123,"Animal",9,"gorilla",0,"gorilla","123 gorilla",0
123,"Animal",10,"alligator",0,"alligator","123 alligator",0
123,"Animal",11,"frog",0,"frog","123 frog",0
123,"Animal",12,"starfish",0,"starfish","123 starfish",0
123,"Emotion",2,"angry",0,"angry","123 angry",0
123,"Emotion",3,"surprise",0,"surprise","123 surprise",0
123,"Emotion",5,"happy",0,"happy","123 happy",0
123,"Emotion",6,"sorry",0,"sorry","123 sorry",0
124,"Animal",2,"cat",0,"cat","124 cat",0
124,"Animal",3,"tiger",0,"tiger","124 tiger",0
124,"Animal",4,"dragon",0,"dragon","124 dragon",0
124,"Animal",5,"giraffe",0,"giraffe","124 giraffe",0
124,"Animal",6,"snail",0,"snail","124 snail",0
124,"Animal",7,"cheetah",0,"cheetah","124 cheetah",0
124,"Animal",9,"turtle",0,"turtle","124 turtle",0
124,"Animal",10,"mouse",0,"mouse","124 mouse",0
124,"Emotion",1,"sad",0,"sad","124 sad",0
124,"Emotion",3,"mad",0,"mad","124 mad",0
125,"Animal",1,"fox",0,"fox","125 fox",0
125,"Animal",2,"kangaroo",0,"kangaroo","125 kangaroo",0
125,"Animal",3,"elephant",0,"elephant","125 elephant",0
125,"Animal",4,"tiger",0,"tiger","125 tiger",0
125,"Animal",5,"snowleopard",0,"snowleopard","125 snowleopard",0
125,"Animal",6,"unicorn",0,"unicorn","125 unicorn",0
125,"Animal",7,"giraffe",0,"giraffe","125 giraffe",0
125,"Emotion",2,"mad",0,"mad","125 mad",0
125,"Emotion",3,"angry",0,"angry","125 angry",0
125,"Emotion",4,"upset",0,"upset","125 upset",0
125,"Emotion",6,"frustrated",0,"frustrated","125 frustrated",0
125,"Emotion",7,"disgust",0,"disgusted","125 disgusted",0
126,"Animal",1,"lion",0,"lion","126 lion",0
126,"Animal",2,"tiger",0,"tiger","126 tiger",0
126,"Animal",3,"dinosaur",0,"dinosaur","126 dinosaur",0
126,"Animal",4,"elephant",0,"elephant","126 elephant",0
126,"Animal",5,"giraffe",0,"giraffe","126 giraffe",0
126,"Animal",6,"monkey",0,"monkey","126 monkey",0
126,"Animal",7,"boxelderbug",0,"boxelderbug","126 boxelderbug",0
126,"Emotion",1,"sad",0,"sad","126 sad",0
126,"Emotion",2,"concentrating",1,"concentrating","126 concentrating",0
126,"Emotion",3,"listening",1,"listening","126 listening",0
126,"Emotion",4,"scared",0,"scared","126 scared",0
126,"Emotion",5,"emotional",0,"emotional","126 emotional",0
126,"Emotion",6,"calm",0,"calm","126 calm",0
127,"Animal",1,"trex",0,"trex","127 trex",0
127,"Animal",2,"bear",0,"bear","127 bear",0
127,"Animal",3,"fox",0,"fox","127 fox",0
127,"Animal",4,"dog",0,"dog","127 dog",0
127,"Animal",5,"gorilla",0,"gorilla","127 gorilla",0
127,"Animal",6,"dragon",0,"dragon","127 dragon",0
127,"Animal",7,"stegosaurus",0,"stegosaurus","127 stegosaurus",0
127,"Animal",8,"oxen",0,"oxen","127 oxen",0
127,"Animal",9,"grizzlybear",0,"grizzlybear","127 grizzlybear",0
127,"Animal",10,"blackbear",0,"blackbear","127 blackbear",0
127,"Animal",11,"woollybear",0,"woollybear","127 woollybear",0
127,"Animal",12,"woollymammoth",0,"woollymammoth","127 woollymammoth",0
127,"Animal",13,"woollyrhino",0,"woollyrhino","127 woollyrhino",0
127,"Emotion",1,"mad",0,"mad","127 mad",0
127,"Emotion",2,"sad",0,"sad","127 sad",0
127,"Emotion",3,"happy",0,"happy","127 happy",0
127,"Emotion",4,"scared",0,"scared","127 scared",0
128,"Animal",1,"lion",0,"lion","128 lion",0
128,"Animal",2,"tiger",0,"tiger","128 tiger",0
128,"Animal",3,"cheetah",0,"cheetah","128 cheetah",0
128,"Animal",4,"wolf",0,"wolf","128 wolf",0
128,"Animal",5,"somethingwolf",0,"somethingwolf","128 somethingwolf",0
128,"Animal",6,"giraffe",0,"giraffe","128 giraffe",0
128,"Animal",7,"zebra",0,"zebra","128 zebra",0
128,"Animal",8,"cat",0,"cat","128 cat",0
128,"Animal",9,"dog",0,"dog","128 dog",0
128,"Animal",10,"rabbit",0,"rabbit","128 rabbit",0
128,"Animal",11,"fish",0,"fish","128 fish",0
128,"Emotion",1,"disgust",0,"disgusted","128 disgusted",0
128,"Emotion",2,"happy",0,"happy","128 happy",0
128,"Emotion",3,"mad",0,"mad","128 mad",0
128,"Emotion",4,"sad",0,"sad","128 sad",0
129,"Animal",1,"monkey",0,"monkey","129 monkey",0
129,"Animal",2,"bird",0,"bird","129 bird",0
129,"Animal",3,"rabbit",0,"rabbit","129 rabbit",0
129,"Animal",4,"frog",0,"frog","129 frog",0
129,"Animal",5,"cat",0,"cat","129 cat",0
129,"Emotion",1,"sad",0,"sad","129 sad",0
129,"Emotion",2,"happy",0,"happy","129 happy",0
129,"Emotion",3,"scared",0,"scared","129 scared",0
129,"Emotion",5,"mean",0,"mean","129 mean",0
129,"Emotion",6,"excited",0,"excited","129 excited",0
130,"Animal",1,"cheetah",0,"cheetah","130 cheetah",0
130,"Animal",2,"cat",0,"cat","130 cat",0
130,"Animal",3,"dog",0,"dog","130 dog",0
130,"Animal",4,"bird",0,"bird","130 bird",0
130,"Animal",5,"lion",0,"lion","130 lion",0
130,"Animal",6,"horse",0,"horse","130 horse",0
130,"Animal",7,"penguin",0,"penguin","130 penguin",0
130,"Animal",8,"fish",0,"fish","130 fish",0
130,"Animal",9,"dolphin",0,"dolphin","130 dolphin",0
130,"Emotion",1,"sad",0,"sad","130 sad",0
130,"Emotion",2,"happy",0,"happy","130 happy",0
130,"Emotion",3,"excited",0,"excited","130 excited",0
130,"Emotion",4,"mad",0,"mad","130 mad",0
131,"Animal",1,"chicken",0,"chicken","131 chicken",0
131,"Animal",2,"cow",0,"cow","131 cow",0
131,"Animal",3,"dog",0,"dog","131 dog",0
131,"Animal",4,"cat",0,"cat","131 cat",0
131,"Animal",5,"pig",0,"pig","131 pig",0
131,"Animal",6,"bird",0,"bird","131 bird",0
131,"Animal",7,"human",0,"human","131 human",0
131,"Animal",8,"bull",0,"bull","131 bull",0
131,"Animal",9,"giraffe",0,"giraffe","131 giraffe",0
131,"Animal",10,"zebra",0,"zebra","131 zebra",0
131,"Animal",11,"lion",0,"lion","131 lion",0
131,"Animal",12,"tiger",0,"tiger","131 tiger",0
131,"Animal",13,"sloth",0,"sloth","131 sloth",0
131,"Animal",14,"elephant",0,"elephant","131 elephant",0
131,"Animal",15,"fish",0,"fish","131 fish",0
131,"Animal",16,"shark",0,"shark","131 shark",0
131,"Emotion",1,"mad",0,"mad","131 mad",0
131,"Emotion",2,"happy",0,"happy","131 happy",0
131,"Emotion",3,"sad",0,"sad","131 sad",0
132,"Animal",1,"bunny",0,"bunny","132 bunny",0
132,"Animal",2,"parrot",0,"parrot","132 parrot",0
132,"Animal",3,"horse",0,"horse","132 horse",0
132,"Animal",4,"grasshopper",0,"grasshopper","132 grasshopper",0
132,"Animal",5,"frog",0,"frog","132 frog",0
132,"Emotion",1,"sad",0,"sad","132 sad",0
132,"Emotion",2,"happy",0,"happy","132 happy",0
132,"Emotion",3,"laugh",0,"laugh","132 laugh",0
133,"Animal",1,"cow",0,"cow","133 cow",0
133,"Animal",2,"horse",0,"horse","133 horse",0
133,"Animal",3,"sheep",0,"sheep","133 sheep",0
133,"Animal",4,"cat",0,"cat","133 cat",0
133,"Emotion",1,"happy",0,"happy","133 happy",0
133,"Emotion",2,"angry",0,"angry","133 angry",0
133,"Emotion",3,"mad",0,"mad","133 mad",0
133,"Emotion",4,"sad",0,"sad","133 sad",0
134,"Animal",1,"zebra",0,"zebra","134 zebra",0
134,"Animal",2,"giraffe",0,"giraffe","134 giraffe",0
134,"Animal",3,"narwhal",0,"narwhal","134 narwhal",0
134,"Animal",4,"kitty",0,"kitty","134 kitty",0
134,"Animal",5,"bunny",0,"bunny","134 bunny",0
134,"Animal",6,"cat",0,"cat","134 cat",0
134,"Animal",7,"chicken",0,"chicken","134 chicken",0
134,"Animal",8,"dog",0,"dog","134 dog",0
134,"Animal",9,"trex",0,"trex","134 trex",0
134,"Animal",10,"gecko",0,"gecko","134 gecko",0
134,"Animal",11,"lizard",0,"lizard","134 lizard",0
134,"Animal",12,"chameleon",0,"chameleon","134 chameleon",0
134,"Animal",13,"fish",0,"fish","134 fish",0
134,"Emotion",1,"scared",0,"scared","134 scared",0
134,"Emotion",2,"nervous",0,"nervous","134 nervous",0
134,"Emotion",3,"surprise",0,"surprise","134 surprise",0
134,"Emotion",4,"happy",0,"happy","134 happy",0
134,"Emotion",5,"sad",0,"sad","134 sad",0
134,"Emotion",6,"mad",0,"mad","134 mad",0
134,"Emotion",7,"disappointed",0,"disappointed","134 disappointed",0
135,"Animal",1,"unicorn",0,"unicorn","135 unicorn",0
135,"Animal",2,"tiger",0,"tiger","135 tiger",0
135,"Animal",3,"giraffe",0,"giraffe","135 giraffe",0
135,"Animal",4,"penguin",0,"penguin","135 penguin",0
135,"Animal",5,"kitty",0,"kitty","135 kitty",0
135,"Animal",6,"zebra",0,"zebra","135 zebra",0
135,"Animal",7,"fish",0,"fish","135 fish",0
135,"Animal",8,"kangaroo",0,"kangaroo","135 kangaroo",0
135,"Animal",9,"cheetah",0,"cheetah","135 cheetah",0
135,"Emotion",NA,NA,NA,NA,"135 NA",0
136,"Animal",1,"tiger",0,"tiger","136 tiger",0
136,"Animal",2,"elephant",0,"elephant","136 elephant",0
136,"Animal",3,"zebra",0,"zebra","136 zebra",0
136,"Animal",4,"monkey",0,"monkey","136 monkey",0
136,"Animal",5,"chimpanzee",0,"chimpanzee","136 chimpanzee",0
136,"Animal",6,"gorilla",0,"gorilla","136 gorilla",0
136,"Animal",7,"giraffe",0,"giraffe","136 giraffe",0
136,"Animal",8,"horse",0,"horse","136 horse",0
136,"Animal",9,"cow",0,"cow","136 cow",0
136,"Animal",10,"pig",0,"pig","136 pig",0
136,"Emotion",1,"angry",0,"angry","136 angry",0
136,"Emotion",2,"happy",0,"happy","136 happy",0
136,"Emotion",3,"scared",0,"scared","136 scared",0
136,"Emotion",4,"worried",0,"worried","136 worried",0
136,"Emotion",5,"afraid",0,"afraid","136 afraid",0
137,"Animal",1,"hippo",0,"hippo","137 hippo",0
137,"Animal",2,"giraffe",0,"giraffe","137 giraffe",0
137,"Animal",3,"monkey",0,"monkey","137 monkey",0
137,"Animal",4,"tiger",0,"tiger","137 tiger",0
137,"Animal",5,"lion",0,"lion","137 lion",0
137,"Animal",6,"butterfly",0,"butterfly","137 butterfly",0
137,"Animal",7,"cat",0,"cat","137 cat",0
137,"Animal",8,"snake",0,"snake","137 snake",0
137,"Animal",9,"worm",0,"worm","137 worm",0
137,"Animal",10,"dog",0,"dog","137 dog",0
137,"Animal",11,"pup",0,"pup","137 pup",0
137,"Emotion",NA,NA,NA,NA,"137 NA",0
138,"Animal",NA,NA,NA,NA,"138 NA",0
138,"Emotion",NA,NA,NA,NA,"138 NA",0
143,"Animal",1,"pig",0,"pig","143 pig",0
143,"Animal",2,"horse",0,"horse","143 horse",0
143,"Animal",3,"cow",0,"cow","143 cow",0
143,"Animal",4,"alligator",0,"alligator","143 alligator",0
143,"Animal",5,"crocodile",0,"crocodile","143 crocodile",0
143,"Animal",6,"rabbit",0,"rabbit","143 rabbit",0
143,"Animal",7,"weasel",0,"weasel","143 weasel",0
143,"Animal",8,"possum",0,"possum","143 possum",0
143,"Animal",9,"mole",0,"mole","143 mole",0
143,"Animal",10,"raccoon",0,"raccoon","143 raccoon",0
143,"Animal",11,"bear",0,"bear","143 bear",0
143,"Animal",11,"fox",0,"fox","143 fox",0
143,"Animal",12,"hippo",0,"hippo","143 hippo",0
143,"Animal",13,"cheetah",0,"cheetah","143 cheetah",0
143,"Animal",14,"lion",0,"lion","143 lion",0
143,"Animal",15,"elephant",0,"elephant","143 elephant",0
143,"Animal",16,"turtle",0,"turtle","143 turtle",0
143,"Animal",17,"snake",0,"snake","143 snake",0
143,"Animal",18,"tarantula",0,"tarantula","143 tarantula",0
143,"Emotion",2,"happy",0,"happy","143 happy",0
143,"Emotion",3,"surprise",0,"surprise","143 surprise",0
143,"Emotion",4,"afraid",0,"afraid","143 afraid",0
143,"Emotion",5,"mad",0,"mad","143 mad",0
145,"Animal",1,"dog",0,"dog","145 dog",0
145,"Animal",2,"cat",0,"cat","145 cat",0
145,"Animal",4,"goat",0,"goat","145 goat",0
145,"Animal",6,"turtle",0,"turtle","145 turtle",0
145,"Animal",7,"fish",0,"fish","145 fish",0
145,"Animal",9,"bluewhale",0,"bluewhale","145 bluewhale",0
145,"Animal",10,"shark",0,"shark","145 shark",0
145,"Animal",12,"horse",0,"horse","145 horse",0
145,"Animal",15,"dolphin",0,"dolphin","145 dolphin",0
145,"Animal",16,"stingray",0,"stingray","145 stingray",0
145,"Animal",17,"lizard",0,"lizard","145 lizard",0
145,"Animal",21,"giraffe",0,"giraffe","145 giraffe",0
145,"Emotion",2,"happy",0,"happy","145 happy",0
145,"Emotion",4,"exciting",0,"excited","145 excited",0
145,"Emotion",5,"surprise",0,"surprise","145 surprise",0
146,"Animal",1,"bird",0,"bird","146 bird",0
146,"Animal",2,"gorilla",0,"gorilla","146 gorilla",0
146,"Animal",3,"peacock",0,"peacock","146 peacock",0
146,"Animal",4,"flamingo",0,"flamingo","146 flamingo",0
146,"Animal",5,"rhino",0,"rhino","146 rhino",0
146,"Animal",6,"giraffe",0,"giraffe","146 giraffe",0
146,"Animal",7,"lion",0,"lion","146 lion",0
146,"Animal",8,"tiger",0,"tiger","146 tiger",0
146,"Emotion",1,"happy",0,"happy","146 happy",0
146,"Emotion",2,"sad",0,"sad","146 sad",0
146,"Emotion",3,"angry",0,"angry","146 angry",0
147,"Animal",1,"monkey",0,"monkey","147 monkey",0
147,"Animal",2,"pig",0,"pig","147 pig",0
147,"Animal",3,"horse",0,"horse","147 horse",0
147,"Animal",4,"dog",0,"dog","147 dog",0
147,"Animal",5,"cat",0,"cat","147 cat",0
147,"Animal",6,"chicken",0,"chicken","147 chicken",0
147,"Animal",7,"giraffe",0,"giraffe","147 giraffe",0
147,"Animal",8,"zebra",0,"zebra","147 zebra",0
147,"Animal",9,"lion",0,"lion","147 lion",0
147,"Animal",10,"leopard",0,"leopard","147 leopard",0
147,"Emotion",1,"surprise",0,"surprise","147 surprise",0
147,"Emotion",2,"happy",0,"happy","147 happy",0
147,"Emotion",3,"sad",0,"sad","147 sad",0
147,"Emotion",4,"grumpy",0,"grumpy","147 grumpy",0
147,"Emotion",5,"mad",0,"mad","147 mad",0
148,"Animal",1,"cat",0,"cat","148 cat",0
148,"Animal",2,"dog",0,"dog","148 dog",0
148,"Animal",3,"horse",0,"horse","148 horse",0
148,"Animal",4,"cow",0,"cow","148 cow",0
148,"Animal",5,"zebra",0,"zebra","148 zebra",0
148,"Animal",6,"crocodile",0,"crocodile","148 crocodile",0
148,"Animal",7,"bunny",0,"bunny","148 bunny",0
148,"Animal",8,"squirrel",0,"squirrel","148 squirrel",0
148,"Animal",9,"deer",0,"deer","148 deer",0
148,"Animal",10,"coyote",0,"coyote","148 coyote",0
148,"Animal",11,"wolf",0,"wolf","148 wolf",0
148,"Emotion",1,"sad",0,"sad","148 sad",0
148,"Emotion",2,"happy",0,"happy","148 happy",0
148,"Emotion",3,"honest",1,"honest","148 honest",0
148,"Emotion",4,"excited",0,"excited","148 excited",0
148,"Emotion",5,"kindasad",1,"kindasad","148 kindasad",0
149,"Animal",1,"tiger",0,"tiger","149 tiger",0
149,"Animal",2,"lion",0,"lion","149 lion",0
149,"Animal",3,"bird",0,"bird","149 bird",0
149,"Animal",4,"fox",0,"fox","149 fox",0
149,"Animal",5,"turkey",0,"turkey","149 turkey",0
149,"Animal",6,"dog",0,"dog","149 dog",0
149,"Animal",7,"cat",0,"cat","149 cat",0
149,"Animal",8,"pig",0,"pig","149 pig",0
149,"Animal",9,"giraffe",0,"giraffe","149 giraffe",0
149,"Animal",10,"worm",0,"worm","149 worm",0
149,"Animal",11,"parrot",0,"parrot","149 parrot",0
149,"Animal",12,"bear",0,"bear","149 bear",0
149,"Animal",13,"dolphin",0,"dolphin","149 dolphin",0
149,"Animal",14,"whale",0,"whale","149 whale",0
149,"Animal",15,"shark",0,"shark","149 shark",0
149,"Animal",16,"fish",0,"fish","149 fish",0
149,"Emotion",1,"sad",0,"sad","149 sad",0
149,"Emotion",2,"angry",0,"angry","149 angry",0
149,"Emotion",3,"happy",0,"happy","149 happy",0
149,"Emotion",4,"surprise",0,"surprise","149 surprise",0
150,"Animal",1,"lion",0,"lion","150 lion",0
150,"Animal",3,"snake",0,"snake","150 snake",0
150,"Animal",4,"lizard",0,"lizard","150 lizard",0
150,"Animal",5,"elephant",0,"elephant","150 elephant",0
150,"Animal",7,"chicken",0,"chicken","150 chicken",0
150,"Animal",8,"duck",0,"duck","150 duck",0
150,"Animal",9,"penguin",0,"penguin","150 penguin",0
150,"Animal",10,"dolphin",0,"dolphin","150 dolphin",0
150,"Animal",11,"ladybug",0,"ladybug","150 ladybug",0
150,"Animal",12,"grasshopper",0,"grasshopper","150 grasshopper",0
150,"Animal",13,"ant",0,"ant","150 ant",0
150,"Animal",14,"jellyfish",0,"jellyfish","150 jellyfish",0
150,"Animal",15,"squid",0,"squid","150 squid",0
150,"Animal",16,"panda",0,"panda","150 panda",0
150,"Animal",17,"koala",0,"koala","150 koala",0
150,"Animal",18,"brownbear",0,"brownbear","150 brownbear",0
150,"Animal",19,"blackbear",0,"blackbear","150 blackbear",0
150,"Animal",20,"deer",0,"deer","150 deer",0
150,"Animal",21,"fox",0,"fox","150 fox",0
150,"Animal",22,"wolf",0,"wolf","150 wolf",0
150,"Animal",23,"squirrel",0,"squirrel","150 squirrel",0
150,"Emotion",1,"happy",0,"happy","150 happy",0
150,"Emotion",2,"sad",0,"sad","150 sad",0
150,"Emotion",3,"furious",0,"furious","150 furious",0
150,"Emotion",4,"mad",0,"mad","150 mad",0
150,"Emotion",5,"upset",0,"upset","150 upset",0
151,"Animal",1,"giraffe",0,"giraffe","151 giraffe",0
151,"Animal",2,"elephant",0,"elephant","151 elephant",0
151,"Animal",3,"lion",0,"lion","151 lion",0
151,"Animal",4,"tiger",0,"tiger","151 tiger",0
151,"Animal",5,"monkey",0,"monkey","151 monkey",0
151,"Animal",6,"alligator",0,"alligator","151 alligator",0
151,"Emotion",1,"sad",0,"sad","151 sad",0
151,"Emotion",2,"angry",0,"angry","151 angry",0
151,"Emotion",3,"mad",0,"mad","151 mad",0
151,"Emotion",4,"happy",0,"happy","151 happy",0
151,"Emotion",5,"cranky",0,"cranky","151 cranky",0
151,"Emotion",6,"excited",0,"excited","151 excited",0
152,"Animal",1,"cheetah",0,"cheetah","152 cheetah",0
152,"Animal",2,"lion",0,"lion","152 lion",0
152,"Animal",4,"giraffe",0,"giraffe","152 giraffe",0
152,"Animal",5,"zebra",0,"zebra","152 zebra",0
152,"Animal",6,"alligator",0,"alligator","152 alligator",0
152,"Animal",7,"whale",0,"whale","152 whale",0
152,"Animal",8,"dolphin",0,"dolphin","152 dolphin",0
152,"Animal",9,"fish",0,"fish","152 fish",0
152,"Animal",10,"shark",0,"shark","152 shark",0
152,"Emotion",1,"sad",0,"sad","152 sad",0
152,"Emotion",2,"happy",0,"happy","152 happy",0
152,"Emotion",3,"angry",0,"angry","152 angry",0
152,"Emotion",4,"mad",0,"mad","152 mad",0
152,"Emotion",5,"grouchy",0,"grouchy","152 grouchy",0
152,"Emotion",6,"cranky",0,"cranky","152 cranky",0
153,"Animal",1,"lion",0,"lion","153 lion",0
153,"Animal",2,"penguin",0,"penguin","153 penguin",0
153,"Animal",3,"tiger",0,"tiger","153 tiger",0
153,"Animal",4,"turtle",0,"turtle","153 turtle",0
153,"Animal",5,"frog",0,"frog","153 frog",0
153,"Animal",6,"giraffe",0,"giraffe","153 giraffe",0
153,"Animal",7,"polarbear",0,"polarbear","153 polarbear",0
153,"Animal",8,"buffalo",0,"buffalo","153 buffalo",0
153,"Emotion",1,"sad",0,"sad","153 sad",0
153,"Emotion",2,"mad",0,"mad","153 mad",0
153,"Emotion",3,"happy",0,"happy","153 happy",0
153,"Emotion",4,"angry",0,"angry","153 angry",0
154,"Animal",1,"bird",0,"bird","154 bird",0
154,"Animal",2,"bunny",0,"bunny","154 bunny",0
154,"Animal",3,"chipmunk",0,"chipmunk","154 chipmunk",0
154,"Animal",4,"squirrel",0,"squirrel","154 squirrel",0
154,"Animal",5,"bear",0,"bear","154 bear",0
154,"Emotion",1,"mad",0,"mad","154 mad",0
154,"Emotion",2,"sad",0,"sad","154 sad",0
154,"Emotion",3,"grumpy",0,"grumpy","154 grumpy",0
154,"Emotion",4,"happy",0,"happy","154 happy",0
154,"Emotion",5,"excited",0,"excited","154 excited",0
154,"Emotion",6,"hurt",0,"hurt","154 hurt",0
155,"Animal",1,"horse",0,"horse","155 horse",0
155,"Animal",2,"unicorn",0,"unicorn","155 unicorn",0
155,"Animal",3,"bird",0,"bird","155 bird",0
155,"Animal",4,"squirrel",0,"squirrel","155 squirrel",0
155,"Animal",5,"rabbit",0,"rabbit","155 rabbit",0
155,"Animal",6,"chipmunk",0,"chipmunk","155 chipmunk",0
155,"Animal",7,"bees",0,"bees","155 bees",0
155,"Animal",8,"buffalo",0,"buffalo","155 buffalo",0
155,"Emotion",1,"sad",0,"sad","155 sad",0
155,"Emotion",4,"happy",0,"happy","155 happy",0
155,"Emotion",5,"serious",0,"serious","155 serious",0
155,"Emotion",6,"tired",0,"tired","155 tired",0
156,"Animal",1,"python",0,"python","156 python",0
156,"Animal",2,"lion",0,"lion","156 lion",0
156,"Animal",3,"giraffe",0,"giraffe","156 giraffe",0
156,"Animal",4,"hippo",0,"hippo","156 hippo",0
156,"Animal",5,"elephant",0,"elephant","156 elephant",0
156,"Animal",6,"worm",0,"worm","156 worm",0
156,"Animal",7,"snake",0,"snake","156 snake",0
156,"Animal",8,"rhino",0,"rhino","156 rhino",0
156,"Emotion",1,"sad",0,"sad","156 sad",0
156,"Emotion",2,"mad",0,"mad","156 mad",0
156,"Emotion",3,"angry",0,"angry","156 angry",0
156,"Emotion",4,"happy",0,"happy","156 happy",0
156,"Emotion",5,"proud",0,"proud","156 proud",0
157,"Animal",1,"donkey",0,"donkey","157 donkey",0
157,"Animal",2,"cow",0,"cow","157 cow",0
157,"Animal",3,"moose",0,"moose","157 moose",0
157,"Animal",4,"giraffe",0,"giraffe","157 giraffe",0
157,"Animal",5,"bear",0,"bear","157 bear",0
157,"Emotion",NA,NA,NA,NA,"157 NA",0
158,"Animal",1,"cat",0,"cat","158 cat",0
158,"Animal",2,"dog",0,"dog","158 dog",0
158,"Animal",3,"elephant",0,"elephant","158 elephant",0
158,"Emotion",NA,NA,NA,NA,"158 NA",0
159,"Animal",1,"squirrel",0,"squirrel","159 squirrel",0
159,"Animal",2,"cat",0,"cat","159 cat",0
159,"Animal",3,"dog",0,"dog","159 dog",0
159,"Animal",4,"raccoon",0,"raccoon","159 raccoon",0
159,"Animal",5,"chipmunk",0,"chipmunk","159 chipmunk",0
159,"Animal",6,"honeybee",0,"honeybee","159 honeybee",0
159,"Emotion",1,"sad",0,"sad","159 sad",0
159,"Emotion",2,"happy",0,"happy","159 happy",0
159,"Emotion",3,"mad",0,"mad","159 mad",0
159,"Emotion",4,"nervous",0,"nervous","159 nervous",0
160,"Animal",1,"bird",0,"bird","160 bird",0
160,"Animal",2,"donkey",0,"donkey","160 donkey",0
160,"Emotion",NA,NA,NA,NA,"160 NA",0
162,"Animal",1,"zebra",0,"zebra","162 zebra",0
162,"Animal",2,"lion",0,"lion","162 lion",0
162,"Animal",3,"boar",0,"boar","162 boar",0
162,"Animal",4,"bear",0,"bear","162 bear",0
162,"Animal",5,"giraffe",0,"giraffe","162 giraffe",0
162,"Animal",6,"dog",0,"dog","162 dog",0
162,"Animal",7,"kitty",0,"kitty","162 kitty",0
162,"Animal",8,"monkey",0,"monkey","162 monkey",0
162,"Animal",9,"gorilla",0,"gorilla","162 gorilla",0
162,"Emotion",3,"silly",0,"silly","162 silly",0
162,"Emotion",4,"happy",0,"happy","162 happy",0
163,"Animal",1,"cheetah",0,"cheetah","163 cheetah",0
163,"Animal",2,"giraffe",0,"giraffe","163 giraffe",0
163,"Animal",3,"cow",0,"cow","163 cow",0
163,"Animal",4,"chicken",0,"chicken","163 chicken",0
163,"Animal",5,"rooster",0,"rooster","163 rooster",0
163,"Animal",6,"unicorn",0,"unicorn","163 unicorn",0
163,"Animal",7,"butterfly",0,"butterfly","163 butterfly",0
163,"Animal",8,"bumblebee",0,"bumblebee","163 bumblebee",0
163,"Emotion",NA,NA,NA,NA,"163 NA",0
164,"Animal",1,"elephant",0,"elephant","164 elephant",0
164,"Animal",2,"tiger",0,"tiger","164 tiger",0
164,"Animal",3,"giraffe",0,"giraffe","164 giraffe",0
164,"Animal",4,"zebra",0,"zebra","164 zebra",0
164,"Animal",5,"lion",0,"lion","164 lion",0
164,"Emotion",1,"angry",0,"angry","164 angry",0
165,"Animal",1,"giraffe",0,"giraffe","165 giraffe",0
165,"Animal",2,"cheetah",0,"cheetah","165 cheetah",0
165,"Animal",3,"leopard",0,"leopard","165 leopard",0
165,"Animal",4,"lion",0,"lion","165 lion",0
165,"Animal",5,"tiger",0,"tiger","165 tiger",0
165,"Emotion",1,"mad",0,"mad","165 mad",0
165,"Emotion",2,"angry",0,"angry","165 angry",0
166,"Animal",1,"cat",0,"cat","166 cat",0
166,"Emotion",NA,NA,NA,NA,"166 NA",0
168,"Animal",1,"cow",0,"cow","168 cow",0
168,"Animal",2,"duck",0,"duck","168 duck",0
168,"Animal",3,"horse",0,"horse","168 horse",0
168,"Animal",4,"donkey",0,"donkey","168 donkey",0
168,"Animal",5,"cat",0,"cat","168 cat",0
168,"Animal",6,"dog",0,"dog","168 dog",0
168,"Emotion",1,"happy",0,"happy","168 happy",0
168,"Emotion",2,"sad",0,"sad","168 sad",0
168,"Emotion",3,"mad",0,"mad","168 mad",0
168,"Emotion",4,"frustrated",0,"frustrated","168 frustrated",0
168,"Emotion",5,"worried",0,"worried","168 worried",0
168,"Emotion",6,"surprise",0,"surprise","168 surprise",0
169,"Animal",1,"unicorn",0,"unicorn","169 unicorn",0
169,"Animal",2,"cheetah",0,"cheetah","169 cheetah",0
169,"Animal",3,"bunny",0,"bunny","169 bunny",0
169,"Animal",4,"lion",0,"lion","169 lion",0
169,"Animal",5,"tiger",0,"tiger","169 tiger",0
169,"Animal",6,"monkey",0,"monkey","169 monkey",0
169,"Animal",7,"seal",0,"seal","169 seal",0
169,"Animal",8,"rhino",0,"rhino","169 rhino",0
169,"Animal",9,"elephant",0,"elephant","169 elephant",0
169,"Emotion",1,"happy",0,"happy","169 happy",0
169,"Emotion",2,"mad",0,"mad","169 mad",0
169,"Emotion",3,"sad",0,"sad","169 sad",0
169,"Emotion",4,"angry",0,"angry","169 angry",0
170,"Animal",1,"seal",0,"seal","170 seal",0
170,"Animal",2,"whale",0,"whale","170 whale",0
170,"Animal",3,"dolphin",0,"dolphin","170 dolphin",0
170,"Animal",4,"penguin",0,"penguin","170 penguin",0
170,"Animal",5,"shark",0,"shark","170 shark",0
170,"Animal",6,"porcupine",0,"porcupine","170 porcupine",0
170,"Animal",7,"chipmunk",0,"chipmunk","170 chipmunk",0
170,"Animal",8,"elephant",0,"elephant","170 elephant",0
170,"Animal",9,"tiger",0,"tiger","170 tiger",0
170,"Animal",10,"dinosaur",0,"dinosaur","170 dinosaur",0
170,"Animal",11,"pterodactyl",0,"pterodactyl","170 pterodactyl",0
170,"Animal",12,"trex",0,"trex","170 trex",0
170,"Animal",13,"bear",0,"bear","170 bear",0
170,"Animal",14,"monster",0,"monster","170 monster",0
170,"Animal",15,"otter",0,"otter","170 otter",0
170,"Emotion",1,"mad",0,"mad","170 mad",0
170,"Emotion",2,"angry",0,"angry","170 angry",0
170,"Emotion",5,"cranky",0,"cranky","170 cranky",0
170,"Emotion",6,"sad",0,"sad","170 sad",0
170,"Emotion",7,"excited",0,"excited","170 excited",0
170,"Emotion",8,"frustrated",0,"frustrated","170 frustrated",0
171,"Animal",2,"turkey",0,"turkey","171 turkey",0
171,"Animal",3,"bird",0,"bird","171 bird",0
171,"Animal",4,"fish",0,"fish","171 fish",0
171,"Animal",6,"giraffe",0,"giraffe","171 giraffe",0
171,"Emotion",NA,NA,NA,NA,"171 NA",0
172,"Animal",1,"bird",0,"bird","172 bird",0
172,"Animal",3,"cardinal",0,"cardinal","172 cardinal",0
172,"Animal",4,"bluejay",0,"bluejay","172 bluejay",0
172,"Animal",5,"stork",0,"stork","172 stork",0
172,"Animal",7,"bear",0,"bear","172 bear",0
172,"Emotion",1,"mad",0,"mad","172 mad",0
172,"Emotion",2,"sad",0,"sad","172 sad",0
172,"Emotion",3,"happy",0,"happy","172 happy",0
172,"Emotion",4,"notsohappy",1,"notsohappy","172 notsohappy",0
172,"Emotion",5,"surprise",0,"surprise","172 surprise",0
173,"Animal",1,"deer",0,"deer","173 deer",0
173,"Animal",2,"cheetah",0,"cheetah","173 cheetah",0
173,"Animal",3,"wolf",0,"wolf","173 wolf",0
173,"Animal",4,"zebra",0,"zebra","173 zebra",0
173,"Animal",5,"tiger",0,"tiger","173 tiger",0
173,"Animal",6,"mouse",0,"mouse","173 mouse",0
173,"Animal",7,"jaguar",0,"jaguar","173 jaguar",0
173,"Emotion",2,"surprise",0,"surprise","173 surprise",0
173,"Emotion",3,"mad",0,"mad","173 mad",0
174,"Animal",1,"bunny",0,"bunny","174 bunny",0
174,"Animal",2,"sheep",0,"sheep","174 sheep",0
174,"Animal",3,"duck",0,"duck","174 duck",0
174,"Animal",4,"platypus",0,"platypus","174 platypus",0
174,"Animal",5,"lion",0,"lion","174 lion",0
174,"Animal",6,"elephant",0,"elephant","174 elephant",0
174,"Animal",7,"tiger",0,"tiger","174 tiger",0
174,"Animal",8,"bear",0,"bear","174 bear",0
174,"Emotion",1,"happy",0,"happy","174 happy",0
174,"Emotion",2,"sad",0,"sad","174 sad",0
175,"Animal",1,"zebra",0,"zebra","175 zebra",0
175,"Animal",2,"lion",0,"lion","175 lion",0
175,"Animal",3,"biglion",1,"biglion","175 biglion",0
175,"Animal",4,"bear",0,"bear","175 bear",0
175,"Emotion",NA,NA,NA,NA,"175 NA",0
176,"Animal",1,"cow",0,"cow","176 cow",0
176,"Animal",2,"chicken",0,"chicken","176 chicken",0
176,"Animal",3,"bird",0,"bird","176 bird",0
176,"Animal",4,"bunny",0,"bunny","176 bunny",0
176,"Animal",5,"duck",0,"duck","176 duck",0
176,"Emotion",NA,NA,NA,NA,"176 NA",0
177,"Animal",1,"cat",0,"cat","177 cat",0
177,"Emotion",NA,NA,NA,NA,"177 NA",0
178,"Animal",1,"rabbit",0,"rabbit","178 rabbit",0
178,"Animal",2,"bird",0,"bird","178 bird",0
178,"Animal",3,"bear",0,"bear","178 bear",0
178,"Animal",4,"bunny",0,"bunny","178 bunny",0
178,"Animal",5,"witches",1,"witches","178 witches",0
178,"Animal",6,"flowers",1,"flowers","178 flowers",0
178,"Animal",7,"goose",0,"goose","178 goose",0
178,"Animal",8,"penguin",0,"penguin","178 penguin",0
178,"Animal",9,"swallows",0,"swallows","178 swallows",0
178,"Animal",10,"flamingo",0,"flamingo","178 flamingo",0
178,"Emotion",1,"sad",0,"sad","178 sad",0
178,"Emotion",2,"happy",0,"happy","178 happy",0
178,"Emotion",3,"smiling",0,"smiling","178 smiling",0
178,"Emotion",4,"grumpy",0,"grumpy","178 grumpy",0
178,"Emotion",5,"mad",0,"mad","178 mad",0
178,"Emotion",6,"needtotakeadeepbreath",0,"needtotakeadeepbreath","178 needtotakeadeepbreath",0
179,"Animal",NA,NA,NA,NA,"179 NA",0
179,"Emotion",NA,NA,NA,NA,"179 NA",0
180,"Animal",1,"tiger",0,"tiger","180 tiger",0
180,"Animal",2,"lion",0,"lion","180 lion",0
180,"Animal",3,"giraffe",0,"giraffe","180 giraffe",0
180,"Animal",4,"dog",0,"dog","180 dog",0
180,"Animal",5,"cat",0,"cat","180 cat",0
180,"Emotion",1,"sad",0,"sad","180 sad",0
180,"Emotion",2,"happy",0,"happy","180 happy",0
180,"Emotion",3,"mad",0,"mad","180 mad",0
180,"Emotion",4,"disgusted",0,"disgusted","180 disgusted",0
181,"Animal",1,"giraffe",0,"giraffe","181 giraffe",0
181,"Animal",2,"monkey",0,"monkey","181 monkey",0
181,"Animal",3,"elephant",0,"elephant","181 elephant",0
181,"Animal",4,"kangaroo",0,"kangaroo","181 kangaroo",0
181,"Emotion",1,"happy",0,"happy","181 happy",0
181,"Emotion",2,"sad",0,"sad","181 sad",0
181,"Emotion",3,"mad",0,"mad","181 mad",0
182,"Animal",1,"giraffe",0,"giraffe","182 giraffe",0
182,"Animal",2,"octopus",0,"octopus","182 octopus",0
182,"Animal",4,"lion",0,"lion","182 lion",0
182,"Animal",5,"zebra",0,"zebra","182 zebra",0
182,"Animal",6,"gorilla",0,"gorilla","182 gorilla",0
182,"Animal",7,"chimpanzee",0,"chimpanzee","182 chimpanzee",0
182,"Animal",8,"tiger",0,"tiger","182 tiger",0
182,"Animal",9,"lizard",0,"lizard","182 lizard",0
182,"Animal",10,"dog",0,"dog","182 dog",0
182,"Animal",11,"cat",0,"cat","182 cat",0
182,"Animal",12,"elephant",0,"elephant","182 elephant",0
182,"Emotion",1,"sad",0,"sad","182 sad",0
182,"Emotion",2,"happy",0,"happy","182 happy",0
183,"Animal",1,"lion",0,"lion","183 lion",0
183,"Animal",2,"tiger",0,"tiger","183 tiger",0
183,"Animal",3,"giraffe",0,"giraffe","183 giraffe",0
183,"Animal",4,"cheetah",0,"cheetah","183 cheetah",0
183,"Animal",5,"leopard",0,"leopard","183 leopard",0
183,"Animal",6,"rhino",0,"rhino","183 rhino",0
183,"Emotion",1,"happy",0,"happy","183 happy",0
183,"Emotion",2,"sad",0,"sad","183 sad",0
183,"Emotion",3,"angry",0,"angry","183 angry",0
183,"Emotion",4,"mad",0,"mad","183 mad",0
184,"Animal",1,"lion",0,"lion","184 lion",0
184,"Animal",2,"flamingo",0,"flamingo","184 flamingo",0
184,"Animal",3,"giraffe",0,"giraffe","184 giraffe",0
184,"Animal",4,"unicorn",0,"unicorn","184 unicorn",0
184,"Animal",5,"tiger",0,"tiger","184 tiger",0
184,"Animal",6,"butterfly",0,"butterfly","184 butterfly",0
184,"Animal",7,"penguin",0,"penguin","184 penguin",0
184,"Animal",8,"monkey",0,"monkey","184 monkey",0
184,"Animal",9,"mouse",0,"mouse","184 mouse",0
184,"Animal",10,"dog",0,"dog","184 dog",0
184,"Animal",11,"cat",0,"cat","184 cat",0
184,"Emotion",1,"bored",0,"bored","184 bored",0
184,"Emotion",2,"worried",0,"worried","184 worried",0
184,"Emotion",3,"sad",0,"sad","184 sad",0
184,"Emotion",4,"angry",0,"angry","184 angry",0
184,"Emotion",5,"mad",0,"mad","184 mad",0
184,"Emotion",6,"happy",0,"happy","184 happy",0
184,"Emotion",7,"excited",0,"excited","184 excited",0
185,"Animal",1,"bunny",0,"bunny","185 bunny",0
185,"Animal",2,"tiger",0,"tiger","185 tiger",0
185,"Animal",3,"unicorn",0,"unicorn","185 unicorn",0
185,"Animal",4,"dinosaur",0,"dinosaur","185 dinosaur",0
185,"Animal",5,"giraffe",0,"giraffe","185 giraffe",0
185,"Animal",7,"monkey",0,"monkey","185 monkey",0
185,"Animal",8,"mouse",0,"mouse","185 mouse",0
185,"Animal",9,"cheetah",0,"cheetah","185 cheetah",0
185,"Animal",10,"dolphin",0,"dolphin","185 dolphin",0
185,"Animal",12,"fish",0,"fish","185 fish",0
185,"Animal",13,"rhino",0,"rhino","185 rhino",0
185,"Animal",14,"turtle",0,"turtle","185 turtle",0
185,"Animal",15,"bird",0,"bird","185 bird",0
185,"Emotion",1,"sad",0,"sad","185 sad",0
185,"Emotion",2,"happy",0,"happy","185 happy",0
185,"Emotion",3,"comfortable",0,"comfortable","185 comfortable",0
185,"Emotion",4,"confused",0,"confused","185 confused",0
185,"Emotion",5,"uncomfortable",0,"uncomfortable","185 uncomfortable",0
185,"Emotion",6,"mad",0,"mad","185 mad",0
185,"Emotion",7,"angry",0,"angry","185 angry",0
186,"Animal",1,"cat",0,"cat","186 cat",0
186,"Animal",2,"dog",0,"dog","186 dog",0
186,"Animal",3,"squirrel",0,"squirrel","186 squirrel",0
186,"Animal",4,"raccoon",0,"raccoon","186 raccoon",0
186,"Animal",5,"cow",0,"cow","186 cow",0
186,"Animal",6,"horse",0,"horse","186 horse",0
186,"Animal",7,"pig",0,"pig","186 pig",0
186,"Animal",8,"sheep",0,"sheep","186 sheep",0
186,"Animal",9,"zebra",0,"zebra","186 zebra",0
186,"Animal",10,"alligator",0,"alligator","186 alligator",0
186,"Animal",11,"monkey",0,"monkey","186 monkey",0
186,"Emotion",1,"happy",0,"happy","186 happy",0
186,"Emotion",2,"sad",0,"sad","186 sad",0
186,"Emotion",3,"mad",0,"mad","186 mad",0
186,"Emotion",4,"surprise",0,"surprise","186 surprise",0
187,"Animal",1,"giraffe",0,"giraffe","187 giraffe",0
187,"Animal",2,"elephant",0,"elephant","187 elephant",0
187,"Animal",3,"tiger",0,"tiger","187 tiger",0
187,"Animal",4,"monkey",0,"monkey","187 monkey",0
187,"Animal",5,"toucan",0,"toucan","187 toucan",0
187,"Animal",6,"dolphin",0,"dolphin","187 dolphin",0
187,"Animal",7,"whale",0,"whale","187 whale",0
187,"Animal",8,"penguin",0,"penguin","187 penguin",0
187,"Animal",9,"lion",0,"lion","187 lion",0
187,"Emotion",1,"sad",0,"sad","187 sad",0
187,"Emotion",2,"happy",0,"happy","187 happy",0
187,"Emotion",3,"angry",0,"angry","187 angry",0
187,"Emotion",4,"nervous",0,"nervous","187 nervous",0
187,"Emotion",5,"surprise",0,"surprise","187 surprise",0
187,"Emotion",6,"embarassed",0,"embarassed","187 embarassed",0
187,"Emotion",7,"furious",0,"furious","187 furious",0
188,"Animal",1,"lion",0,"lion","188 lion",0
188,"Animal",2,"alligator",0,"alligator","188 alligator",0
188,"Animal",3,"turtle",0,"turtle","188 turtle",0
188,"Animal",4,"snake",0,"snake","188 snake",0
188,"Animal",5,"monkey",0,"monkey","188 monkey",0
188,"Animal",6,"whale",0,"whale","188 whale",0
188,"Animal",7,"shark",0,"shark","188 shark",0
188,"Animal",8,"squid",0,"squid","188 squid",0
188,"Animal",9,"octopus",0,"octopus","188 octopus",0
188,"Animal",10,"seasnake",0,"seasnake","188 seasnake",0
188,"Animal",11,"hawk",0,"hawk","188 hawk",0
188,"Emotion",2,"sad",0,"sad","188 sad",0
188,"Emotion",3,"angry",0,"angry","188 angry",0
188,"Emotion",4,"happy",0,"happy","188 happy",0
188,"Emotion",5,"confused",0,"confused","188 confused",0
189,"Animal",1,"snake",0,"snake","189 snake",0
189,"Animal",2,"turtle",0,"turtle","189 turtle",0
189,"Animal",3,"squirrel",0,"squirrel","189 squirrel",0
189,"Animal",4,"shark",0,"shark","189 shark",0
189,"Emotion",3,"happy",0,"happy","189 happy",0
189,"Emotion",4,"surprise",0,"surprise","189 surprise",0
190,"Animal",1,"pig",0,"pig","190 pig",0
190,"Animal",3,"mouse",0,"mouse","190 mouse",0
190,"Animal",5,"giraffe",0,"giraffe","190 giraffe",0
190,"Emotion",1,"sad",0,"sad","190 sad",0
190,"Emotion",2,"mad",0,"mad","190 mad",0
191,"Animal",2,"chikadee",0,"chikadee","191 chikadee",0
191,"Animal",3,"sparrow",0,"sparrow","191 sparrow",0
191,"Animal",4,"hawk",0,"hawk","191 hawk",0
191,"Animal",5,"falcon",0,"falcon","191 falcon",0
191,"Animal",7,"mouse",0,"mouse","191 mouse",0
191,"Animal",8,"woodpecker",0,"woodpecker","191 woodpecker",0
191,"Animal",9,"cat",0,"cat","191 cat",0
191,"Animal",10,"cheetah",0,"cheetah","191 cheetah",0
192,"Animal",1,"tiger",0,"tiger","192 tiger",0
192,"Animal",2,"lion",0,"lion","192 lion",0
192,"Animal",3,"leopard",0,"leopard","192 leopard",0
192,"Animal",4,"cheetah",0,"cheetah","192 cheetah",0
192,"Animal",5,"cat",0,"cat","192 cat",0
192,"Animal",6,"dog",0,"dog","192 dog",0
192,"Animal",7,"horse",0,"horse","192 horse",0
192,"Animal",8,"fish",0,"fish","192 fish",0
192,"Animal",9,"alligator",0,"alligator","192 alligator",0
192,"Emotion",1,"sad",0,"sad","192 sad",0
192,"Emotion",2,"happy",0,"happy","192 happy",0
192,"Emotion",3,"grossedout",0,"grossedout","192 grossedout",0
192,"Emotion",4,"weird",0,"weird","192 weird",0
192,"Emotion",5,"excited",0,"excited","192 excited",0
192,"Emotion",6,"surprise",0,"surprise","192 surprise",0
193,"Animal",1,"bird",0,"bird","193 bird",0
193,"Animal",2,"chipmunk",0,"chipmunk","193 chipmunk",0
193,"Animal",3,"dog",0,"dog","193 dog",0
193,"Animal",4,"cat",0,"cat","193 cat",0
193,"Animal",5,"lion",0,"lion","193 lion",0
193,"Animal",6,"zebra",0,"zebra","193 zebra",0
193,"Animal",7,"horse",0,"horse","193 horse",0
193,"Animal",8,"pig",0,"pig","193 pig",0
193,"Animal",9,"chicken",0,"chicken","193 chicken",0
193,"Animal",10,"rooster",0,"rooster","193 rooster",0
193,"Animal",11,"duck",0,"duck","193 duck",0
193,"Emotion",3,"mad",0,"mad","193 mad",0
193,"Emotion",4,"anxious",0,"anxious","193 anxious",0
193,"Emotion",5,"angry",0,"angry","193 angry",0
193,"Emotion",6,"excited",0,"excited","193 excited",0
193,"Emotion",9,"crying",0,"crying","193 crying",0
194,"Animal",1,"monkey",0,"monkey","194 monkey",0
194,"Animal",2,"owl",0,"owl","194 owl",0
194,"Animal",3,"cheetah",0,"cheetah","194 cheetah",0
194,"Animal",4,"bear",0,"bear","194 bear",0
194,"Animal",5,"tiger",0,"tiger","194 tiger",0
194,"Animal",6,"polarbear",0,"polarbear","194 polarbear",0
194,"Emotion",1,"surprise",0,"surprise","194 surprise",0
194,"Emotion",2,"happy",0,"happy","194 happy",0
194,"Emotion",3,"sad",0,"sad","194 sad",0
194,"Emotion",4,"mad",0,"mad","194 mad",0
194,"Emotion",5,"confused",0,"confused","194 confused",0
194,"Emotion",6,"disgusted",0,"disgusted","194 disgusted",0
195,"Animal",1,"kangaroo",0,"kangaroo","195 kangaroo",0
195,"Animal",2,"dinosaur",0,"dinosaur","195 dinosaur",0
195,"Animal",3,"lion",0,"lion","195 lion",0
195,"Animal",7,"guineapig",0,"guineapig","195 guineapig",0
195,"Animal",8,"dog",0,"dog","195 dog",0
195,"Animal",9,"cat",0,"cat","195 cat",0
195,"Emotion",1,"mad",0,"mad","195 mad",0
195,"Emotion",2,"sad",0,"sad","195 sad",0
195,"Emotion",3,"angry",0,"angry","195 angry",0
195,"Emotion",4,"happy",0,"happy","195 happy",0
196,"Animal",1,"cheetah",0,"cheetah","196 cheetah",0
196,"Animal",2,"jaguar",0,"jaguar","196 jaguar",0
196,"Animal",3,"bird",0,"bird","196 bird",0
196,"Animal",4,"swan",0,"swan","196 swan",0
196,"Animal",5,"chipmunk",0,"chipmunk","196 chipmunk",0
196,"Animal",6,"cat",0,"cat","196 cat",0
196,"Animal",7,"dog",0,"dog","196 dog",0
196,"Animal",8,"chicken",0,"chicken","196 chicken",0
196,"Animal",9,"possum",0,"possum","196 possum",0
196,"Animal",10,"frog",0,"frog","196 frog",0
196,"Animal",11,"duck",0,"duck","196 duck",0
196,"Animal",12,"shark",0,"shark","196 shark",0
196,"Animal",13,"lion",0,"lion","196 lion",0
196,"Animal",14,"crocodile",0,"crocodile","196 crocodile",0
196,"Animal",15,"monkey",0,"monkey","196 monkey",0
196,"Animal",16,"giraffe",0,"giraffe","196 giraffe",0
196,"Animal",17,"owl",0,"owl","196 owl",0
196,"Animal",18,"hippo",0,"hippo","196 hippo",0
196,"Animal",19,"bear",0,"bear","196 bear",0
196,"Animal",20,"whiteshark",0,"whiteshark","196 whiteshark",0
196,"Animal",21,"elephant",0,"elephant","196 elephant",0
196,"Emotion",1,"sad",0,"sad","196 sad",0
196,"Emotion",2,"angry",0,"angry","196 angry",0
196,"Emotion",3,"disgust",0,"disgusted","196 disgusted",0
196,"Emotion",4,"happy",0,"happy","196 happy",0
196,"Emotion",5,"mad",0,"mad","196 mad",0
196,"Emotion",6,"frustrated",0,"frustrated","196 frustrated",0
197,"Animal",1,"bunny",0,"bunny","197 bunny",0
197,"Animal",3,"cow",0,"cow","197 cow",0
197,"Animal",5,"sheep",0,"sheep","197 sheep",0
197,"Animal",6,"chicken",0,"chicken","197 chicken",0
197,"Animal",7,"dog",0,"dog","197 dog",0
197,"Animal",8,"cat",0,"cat","197 cat",0
197,"Emotion",1,"sad",0,"sad","197 sad",0
197,"Emotion",4,"disgusted",0,"disgusted","197 disgusted",0
197,"Emotion",5,"mad",0,"mad","197 mad",0
198,"Animal",1,"bird",0,"bird","198 bird",0
198,"Emotion",1,"frustrated",0,"frustrated","198 frustrated",0
198,"Emotion",3,"happy",0,"happy","198 happy",0
198,"Emotion",4,"disgusted",0,"disgusted","198 disgusted",0
199,"Animal",1,"donkey",0,"donkey","199 donkey",0
199,"Animal",3,"cat",0,"cat","199 cat",0
199,"Animal",4,"dog",0,"dog","199 dog",0
199,"Animal",5,"sheep",0,"sheep","199 sheep",0
199,"Emotion",1,"mad",0,"mad","199 mad",0
199,"Emotion",2,"happy",0,"happy","199 happy",0
199,"Emotion",3,"reallymad",1,"reallymad","199 reallymad",0
300,"Animal",1,"snake",0,"snake","300 snake",0
300,"Animal",2,"tiger",0,"tiger","300 tiger",0
300,"Animal",3,"lion",0,"lion","300 lion",0
300,"Animal",4,"cat",0,"cat","300 cat",0
300,"Animal",5,"dog",0,"dog","300 dog",0
300,"Animal",6,"fish",0,"fish","300 fish",0
300,"Emotion",1,"sad",0,"sad","300 sad",0
300,"Emotion",2,"happy",0,"happy","300 happy",0
300,"Emotion",3,"mad",0,"mad","300 mad",0
300,"Emotion",4,"frustrated",0,"frustrated","300 frustrated",0
300,"Emotion",5,"confused",0,"confused","300 confused",0
301,"Animal",1,"giraffe",0,"giraffe","301 giraffe",0
301,"Animal",2,"horse",0,"horse","301 horse",0
301,"Animal",3,"lion",0,"lion","301 lion",0
301,"Animal",4,"peacock",0,"peacock","301 peacock",0
301,"Animal",5,"beaver",0,"beaver","301 beaver",0
301,"Animal",6,"otter",0,"otter","301 otter",0
301,"Animal",7,"fish",0,"fish","301 fish",0
301,"Animal",8,"pelican",0,"pelican","301 pelican",0
301,"Animal",9,"bear",0,"bear","301 bear",0
301,"Animal",10,"polarbear",0,"polarbear","301 polarbear",0
301,"Animal",11,"seal",0,"seal","301 seal",0
301,"Animal",12,"walrus",0,"walrus","301 walrus",0
301,"Animal",13,"deer",0,"deer","301 deer",0
301,"Animal",14,"moose",0,"moose","301 moose",0
301,"Emotion",1,"sad",0,"sad","301 sad",0
301,"Emotion",2,"mad",0,"mad","301 mad",0
301,"Emotion",3,"surprise",0,"surprise","301 surprise",0
301,"Emotion",4,"happy",0,"happy","301 happy",0
301,"Emotion",5,"good",0,"good","301 good",0
301,"Emotion",6,"excited",0,"excited","301 excited",0
301,"Emotion",7,"okay",0,"okay","301 okay",0
301,"Emotion",8,"fine",0,"fine","301 fine",0
301,"Emotion",9,"great",0,"great","301 great",0
302,"Animal",1,"horse",0,"horse","302 horse",0
302,"Animal",2,"cow",0,"cow","302 cow",0
302,"Animal",3,"sheep",0,"sheep","302 sheep",0
302,"Animal",4,"eagle",0,"eagle","302 eagle",0
302,"Animal",5,"pelican",0,"pelican","302 pelican",0
302,"Animal",6,"falcon",0,"falcon","302 falcon",0
302,"Animal",7,"vulture",0,"vulture","302 vulture",0
302,"Animal",8,"panda",0,"panda","302 panda",0
302,"Animal",9,"koala",0,"koala","302 koala",0
302,"Animal",10,"lion",0,"lion","302 lion",0
302,"Animal",11,"tiger",0,"tiger","302 tiger",0
302,"Emotion",1,"happy",0,"happy","302 happy",0
302,"Emotion",2,"sad",0,"sad","302 sad",0
302,"Emotion",3,"mad",0,"mad","302 mad",0
302,"Emotion",4,"surprise",0,"surprise","302 surprise",0
302,"Emotion",5,"kind",1,"kind","302 kind",0
303,"Animal",1,"zebra",0,"zebra","303 zebra",0
303,"Animal",2,"elephant",0,"elephant","303 elephant",0
303,"Animal",3,"giraffe",0,"giraffe","303 giraffe",0
303,"Animal",4,"pig",0,"pig","303 pig",0
303,"Animal",8,"sheep",0,"sheep","303 sheep",0
303,"Animal",9,"babypig",1,"babypig","303 babypig",0
303,"Emotion",NA,NA,NA,NA,"303 NA",0
304,"Animal",1,"elephant",0,"elephant","304 elephant",0
304,"Animal",2,"tiger",0,"tiger","304 tiger",0
304,"Animal",3,"lion",0,"lion","304 lion",0
304,"Animal",4,"squirrel",0,"squirrel","304 squirrel",0
304,"Animal",5,"bunny",0,"bunny","304 bunny",0
304,"Animal",6,"monkey",0,"monkey","304 monkey",0
304,"Emotion",1,"happy",0,"happy","304 happy",0
304,"Emotion",2,"mad",0,"mad","304 mad",0
304,"Emotion",3,"sad",0,"sad","304 sad",0
304,"Emotion",4,"frustrated",0,"frustrated","304 frustrated",0
304,"Emotion",5,"angry",0,"angry","304 angry",0
305,"Animal",NA,NA,NA,NA,"305 NA",0
305,"Emotion",NA,NA,NA,NA,"305 NA",0
306,"Animal",1,"squirrel",0,"squirrel","306 squirrel",0
306,"Animal",2,"chipmunk",0,"chipmunk","306 chipmunk",0
306,"Animal",3,"bird",0,"bird","306 bird",0
306,"Animal",4,"cardinal",0,"cardinal","306 cardinal",0
306,"Animal",5,"cow",0,"cow","306 cow",0
306,"Animal",6,"sheep",0,"sheep","306 sheep",0
306,"Animal",7,"owl",0,"owl","306 owl",0
306,"Animal",8,"cat",0,"cat","306 cat",0
306,"Animal",9,"dog",0,"dog","306 dog",0
306,"Emotion",NA,NA,NA,NA,"306 NA",0
307,"Animal",NA,NA,NA,NA,"307 NA",0
307,"Animal",1,"bird",0,"bird","307 bird",0
307,"Animal",2,"cardinal",0,"cardinal","307 cardinal",0
