Subj,Word_Category,Order,Word,Time,Duplicate_or_Wrong,Notes
106,Animal,1,Tiger,6.9,0,
106,Animal,2,Lion,9.1,0,
106,Animal,3,Zebra,9.4,0,
106,Animal,4,Giraffe,11.8,0,
106,Emotion,999,999,999,999,did not know what it was or want to say
107,Animal,1,Giraffe,6,0,
107,Animal,2,Elephant,12.5,0,
107,Animal,3,Deer,27.3,0,
107,Animal,4,Pig,37.3,0,got very distracted after this one
107,Animal,5,Dog,63.4,0,
107,Animal,6,Tilda?,71.1,0,not sure what animal
107,Animal,7,Dinosaur,74.7,0,
107,Animal,8,Duck,79.3,0,
107,Animal,9,Butterfly,82.2,0,
107,Animal,10,Fish,85.2,0,
107,Animal,11,Kitty,93.2,0,
107,Animal,12,Octopus,97.1,0,
107,Emotion,1,Mad,122,0,
107,Emotion,2,Happy,125.1,0,
107,Emotion,3,Angry,130.3,0,"Bug came in room, distracted child"
107,Emotion,4,Sad,153.6,0,
107,Emotion,5,Jealous,162.3,0,
107,Emotion,6,Excited,170.8,0,
107,Emotion,7,Sad,186.9,1,
108,Animal,1,Elephant,4,0,
108,Animal,2,Giraffe,8,0,
108,Animal,3,Crocodile,10,0,
108,Animal,4,Lizard,16,0,
108,Animal,5,Alligator,27,0,
108,Animal,6,Ant,47,0,
108,Animal,7,Fish,51,0,
108,Animal,8,Spider,54,0,
108,Animal,9,Beetle,68,0,
108,Emotion,1,Angry,4,0,
108,Emotion,2,Sad,8,0,
108,Emotion,3,Happy,11,0,
109,Animal,1,Zebra,28,0,
109,Animal,2,Giraffe,32,0,
109,Animal,3,Rhino,35,0,
109,Animal,4,Hippo,37,0,
109,Animal,5,Lion,40,0,
109,Animal,6,Penguin,48,0,
109,Animal,7,water buffalo,50,0,
109,Animal,8,Kangaroo,55,0,
109,Emotion,1,silly,999,0,audio problem; tina repeats words at end
109,Emotion,2,mad,999,0,audio problem; tina repeats words at end
109,Emotion,3,scary,999,0,audio problem; tina repeats words at end
109,Emotion,4,happy,999,0,audio problem; tina repeats words at end
109,Emotion,5,angry,999,0,audio problem; tina repeats words at end
109,Emotion,6,sad,999,0,audio problem; tina repeats words at end
109,Emotion,7,feeling like you want to throw up,999,0,audio problem; tina repeats words at end
110,Animal,1,Pig,2,0,
110,Animal,2,koala,3,0,
110,Animal,3,Zebra,4,0,
110,Animal,4,Giraffe,5,0,
110,Animal,5,Crocodile,7,0,
110,Animal,6,Bear,22,0,
110,Animal,7,Alligator,23,0,
110,Animal,8,Mouse,27,0,
110,Animal,9,Rat,28,0,
110,Animal,10,Bunny,29,0,
110,Animal,11,Cat,29,0,
110,Animal,12,Dog,30,0,
110,Animal,13,Lion,32,0,
110,Animal,14,Tiger,33,0,
110,Animal,15,Monkey,35,0,
110,Animal,16,Lemur,36,0,
110,Animal,17,Chamelion,38,0,
110,Animal,18,Lizard,40,0,
110,Animal,19,Gecko,43,0,
110,Animal,20,Coyote,52,0,
110,Animal,21,Worm,73,0,
110,Animal,22,Ant,74,0,
110,Animal,23,Beetle,75,0,
110,Animal,24,Spider,76,0,
110,Emotion,1,Happy,4,0,
110,Emotion,2,Surprised,7,0,
110,Emotion,3,Yucky,9,0,
110,Emotion,4,Sad,18,0,
110,Emotion,5,Angry,20,0,
110,Emotion,6,Confused,21,0,
110,Emotion,7,Surprised,22,1,
111,Animal,1,Birdies,6,0,
111,Animal,2,Bunnys,9,0,
111,Animal,3,Zebras,20,0,
111,Animal,4,Lions,20,0,
111,Animal,5,Kangaroos,23,0,
111,Animal,6,Di999saurs ,28,0,
111,Animal,7,Pterodactyls,30,0,
111,Animal,8,Penguins,34,0,
111,Animal,9,Giraffes?,36,0,
111,Animal,10,Owls?,39,0,
111,Animal,11,Hippos ,42,0,
111,Animal,12,Lions,45,1,
111,Animal,13,S999kes,47,0,
111,Animal,14,Ducks,51,0,
111,Emotion,1,Sad,78,0,"Tina does mention that he did say a different emotion word earlier, not sure if we are supposed to count it as well."
111,Emotion,2,Excited,80,0,
111,Emotion,3,Mad,82,0,
111,Emotion,4,Crazy,84,0,
112,Animal,1,Cat,14,0,
112,Emotion,1,Happy,49,0,
112,Emotion,2,Sad,50,0,
112,Emotion,3,Mad,51,0,
113,Animal,1,Lion,5,0,
113,Animal,2,Zebra,7,0,
113,Animal,3,Camel ,32,0,
113,Emotion,1,Happy,90,0,
113,Emotion,2,Sad,91,0,
113,Emotion,3,Angry,92,0,
114,Animal,1,Rhinoceros,7,0,
114,Animal,2,Giraffe,8,0,
114,Animal,3,Zebra,10,0,
114,Animal,4,Lion,13,0,
114,Emotion,1,Sad,45,0,
114,Emotion,2,Happy,46,0,
114,Emotion,3,Excited,48,0,
114,Emotion,4,Mad,52,0,
114,Emotion,5,Sad,55,1,
115,Animal,1,Zebra,3,0,
115,Animal,2,Giraffe,4,0,
115,Animal,3,S999kes,6,0,
115,Animal,4,Cobra,8,0,
115,Animal,5,Giraffe,11,1,
115,Animal,6,Ostrich,15,0,
115,Animal,7,tiger,16,0,
115,Animal,8,lion,17,0,
115,Animal,9,hippo,19,0,
115,Animal,10,crane,22,0,May need to double check what is said here
115,Animal,11,sockeye salmon,25,0,May need to double check what is said here
115,Animal,12,squid,29,0,May need to double check what is said here
115,Animal,13,Octupus,30,0,
115,Animal,14,crane,40,1,May need to double check what is said here
115,Animal,15,duck,43,0,
115,Emotion,1,Happy,58,0,
115,Emotion,2,sad ,60,0,
115,Emotion,3,okay,61,0,May need to double check what is said here
115,Emotion,4,angry,65,0,
115,Emotion,5,upset,74,0,
115,Emotion,6,mad,78,0,
117,Animal,1,giraffe,7,0,
117,Animal,2,Hippopotamus ,9,0,
117,Animal,3,Horses,12,0,
117,Animal,4,Chicken,14,0,
117,Animal,5,Ducks,21,0,
117,Animal,6,flamingos,22,0,
117,Animal,7,giraffes ,25,1,
117,Animal,8,hedgehog,28,0,
117,Animal,9,skunk,31,0,
117,Animal,10,badgers,36,0,
117,Animal,11,pandas,44,0,
117,Animal,12,gorillas,47,0,
117,Animal,13,donkeys,51,0,
117,Animal,14,polar bears,55,0,
117,Animal,15,wolf,58,0,
117,Animal,16,dolphin,59,0,
117,Animal,17,sharks,61,0,
117,Animal,18,whales,66,0,
117,Animal,19,fishes,68,0,
117,Animal,20,walrus,77,0,
117,Animal,21,penguins,87,0,
117,Emotion,1,sad,98,0,
117,Emotion,2,mad,99,0,
117,Emotion,3,angry,101,0,
117,Emotion,4,happy,103,0,
117,Emotion,5,excited,105,0,
117,Emotion,6,scared,111,0,
117,Emotion,7,sad,114,1,
117,Emotion,8,beautiful,123,0,not sure if I count this
117,Emotion,9,mad,128,1,
118,Animal,1,tiger,9,0,
118,Animal,2,lion,10,0,
118,Animal,3,monkey,19,0,
118,Animal,4,chihuahua,52,0,
118,Animal,5,ring tailed sloth,65,0,
118,Emotion,1,happy,88,0,
118,Emotion,2,sad,89,0,
118,Emotion,3,mad,90,0,
118,Emotion,4,angry,91,0,
118,Emotion,5,frustrated,95,0,
119,Animal,1,cat,999,0,may exclude; handwritten - didn't save
119,Animal,2,dog ,999,0,may exclude; handwritten - didn't save
119,Animal,3,fish,999,0,may exclude; handwritten - didn't save
119,Animal,4,baboons,999,0,may exclude; handwritten - didn't save
119,Animal,5,elephant ,999,0,may exclude; handwritten - didn't save
119,Animal,6,giraffe,999,0,may exclude; handwritten - didn't save
119,Emotion,1,sad,999,0,may exclude; handwritten - didn't save
119,Emotion,2,mad,999,0,may exclude; handwritten - didn't save
119,Emotion,3,angry,999,0,may exclude; handwritten - didn't save
119,Emotion,4,annoyed,999,0,may exclude; handwritten - didn't save
120,Animal,1,elephant,4,0,
120,Animal,2,zebra,10,0,
120,Animal,3,giraffe,15,0,
120,Animal,4,Hippopotamus ,28,0,
120,Emotion,1,happy,48,0,
120,Emotion,2,sad,50,0,
120,Emotion,3,exhausted,56,0,
120,Emotion,4,mad,61,0,
121,Animal,1,squirrel,6,0,
121,Animal,2,Bird,7,0,
121,Animal,3,chipmunk,8,0,
121,Animal,4,buffalo,12,0,
121,Animal,5,elephant,13,0,
121,Animal,6,wildabeast,14,0,
121,Animal,7,antelope,16,0,
121,Animal,8,tiger,18,0,
121,Animal,9,lion,19,0,
121,Animal,10,penguin,21,0,
121,Animal,11,bear,22,0,
121,Animal,12,S999ke,28,0,
121,Animal,13,seal,32,0,
121,Animal,14,dolphin,33,0,
121,Animal,15,whale,34,0,
121,Animal,16,sharks,35,0,
121,Animal,17,rhinocerous,42,0,
121,Animal,18,hippo,44,0,
121,Animal,19,cheetah,54,0,
121,Animal,20,cat,59,0,
121,Animal,21,dog,60,0,
121,Animal,22,chicken,62,0,
121,Animal,23,horse ,63,0,
121,Emotion,1,angry,80,0,
121,Emotion,2,happy,81,0,
121,Emotion,3,mad,82,0,
121,Emotion,4,sad,83,0,
121,Emotion,5,frustrated,85,0,
121,Emotion,6,scared,95,0,
121,Emotion,7,surprised,105,0,
122,Animal,1,giraffe,3,0,
122,Animal,2,lion,7,0,
122,Animal,3,elephant,8,0,
122,Emotion,1,sad,21,0,
122,Emotion,2,happy,23,0,
122,Emotion,3,really happy,33,1,
123,Animal,1,cougar,5,0,
123,Animal,2,s999il,7,0,
123,Animal,3,lizard,8,0,
123,Animal,4,igua999,9,0,
123,Animal,5,tiger,11,0,
123,Animal,6,lion,13,0,
123,Animal,7,zebra,14,0,
123,Animal,8,flamingo,16,0,
123,Animal,9,gorilla,18,0,
123,Animal,10,Alligator,22,0,
123,Animal,11,frog,24,0,
123,Animal,12,starfish,28,0,
123,Emotion,1,sad,45,0,
123,Emotion,2,angry,46,0,
123,Emotion,3,surprised,47,0,
123,Emotion,4,sad,48,1,
123,Emotion,5,happy,50,0,
123,Emotion,6,sorry,54,0,not sure if I count this
124,Animal,1,Cat,4,0,
124,Animal,2,tiger,6,0,
124,Animal,3,dragon,7,0,
124,Animal,4,giraffe,9,0,
124,Animal,5,s999il,13,0,
124,Animal,6,cheetah,16,0,
124,Animal,7,rhinocerous,20,0,
124,Animal,8,turtle,24,0,
124,Animal,9,mouse,31,0,
124,Emotion,1,sad,42,0,
124,Emotion,2,happy,44,0,
124,Emotion,3,mad,45,0,
124,Emotion,4,happy,52,1,
125,Animal,1,fox,4,0,
125,Animal,2,kangaroo,5,0,
125,Animal,3,elephant,6,0,
125,Animal,4,tiger,10,0,
125,Animal,5,snow leopard ,11,0,
125,Animal,6,unicorn,13,0,
125,Animal,7,giraffe,19,0,
125,Emotion,1,sad,41,0,
125,Emotion,2,mad,42,0,
125,Emotion,3,angry,43,0,
125,Emotion,4,upset,45,0,
125,Emotion,5,sad,48,1,
125,Emotion,6,frustrated,50,0,
125,Emotion,7,disgust,55,0,
126,Animal,1,Lion,13,0,
126,Animal,2,tiger,19,0,
126,Animal,3,Di999saur ,21,0,
126,Animal,4,elephant,26,0,
126,Animal,5,giraffe,32,0,
126,Animal,6,monkey,45,0,
126,Animal,7,box elder bug,61,0,
126,Emotion,1,sad,98,0,
126,Emotion,2,concentrating,103,0,not sure if we count this
126,Emotion,3,listening,111,0,not sure if we count this
126,Emotion,4,scared,121,0,
126,Emotion,5,emotio999l,125,0,same for this one
126,Emotion,6,calm,135,0,
127,Animal,1,T-rex,4,0,
127,Animal,2,bear,6,0,
127,Animal,3,fox,10,0,
127,Animal,4,dog,12,0,
127,Animal,5,gorilla,21,0,
127,Animal,6,dragon,27,0,
127,Animal,7,stegosaurus,33,0,
127,Animal,8,oxen,40,0,
127,Animal,9,grizzly bear,62,0,not sure if this is counted as a repeat
127,Animal,10,black bear,66,0,same here
127,Animal,11,woolly bear,68,0,
127,Animal,12,woolly mammoth,72,0,
127,Animal,13,woolly rhino,74,0,
127,Emotion,1,Mad,88,0,
127,Emotion,2,Sad,90,0,
127,Emotion,3,happy,92,0,
127,Emotion,4,scared,98,0,
128,Animal,1,lion,3,0,
128,Animal,2,tiger,5,0,
128,Animal,3,cheetah,7,0,
128,Animal,4,wolf,11,0,
128,Animal,5,coastal wolf,13,0,
128,Animal,6,giraffe,16,0,
128,Animal,7,zebras,20,0,
128,Animal,8,cats,31,0,
128,Animal,9,dogs,31,0,
128,Animal,10,rabbits,35,0,
128,Animal,11,fish,37,0,
128,Emotion,1,disgust,51,0,
128,Emotion,2,happy,54,0,
128,Emotion,3,mad,56,0,
128,Emotion,4,sad,64,0,
129,Animal,1,monkey,7,0,
129,Animal,2,bird,11,0,
129,Animal,3,rabbits,14,0,
129,Animal,4,frog,31,0,
129,Animal,5,cat,34,0,
129,Emotion,1,sad,55,0,
129,Emotion,2,happy,57,0,
129,Emotion,3,scared,61,0,
129,Emotion,4,silly,65,0,
129,Emotion,5,mean,77,0,
129,Emotion,6,excited,82,0,
129,Emotion,7,silly,87,1,
130,Animal,1,cheetah,4,0,
130,Animal,2,cat,8,0,
130,Animal,3,dog,9,0,
130,Animal,4,bird,11,0,
130,Animal,5,lion,23,0,
130,Animal,6,horse,29,0,
130,Animal,7,penguin,42,0,
130,Animal,8,fish,50,0,
130,Animal,9,dolphin,60,0,
130,Emotion,1,sad,82,0,
130,Emotion,2,happy,84,0,
130,Emotion,3,excited,86,0,
130,Emotion,4,mad,89,0,
131,Animal,1,chicken,7,0,
131,Animal,2,cow,8,0,
131,Animal,3,dog,10,0,
131,Animal,4,cat,11,0,
131,Animal,5,pigs,14,0,
131,Animal,6,birds,17,0,
131,Animal,7,humans,19,0,
131,Animal,8,bulls,30,0,
131,Animal,9,giraffes,32,0,
131,Animal,10,zebras,33,0,
131,Animal,11,lions,35,0,
131,Animal,12,tigers,36,0,
131,Animal,13,sloths,47,0,
131,Animal,14,elephants,49,0,
131,Animal,15,fishes,57,0,
131,Animal,16,sharks,59,0,
131,Emotion,1,mad,74,0,
131,Emotion,2,happy,75,0,
131,Emotion,3,sad,77,0,
132,Animal,1,bunny,5,0,
132,Animal,2,parrot,9,0,
132,Animal,3,horse,10,0,
132,Animal,4,grasshopper,13,0,
132,Animal,5,frog,16,0,
132,Emotion,1,sad,30,0,
132,Emotion,2,happy,31,0,
132,Emotion,3,laugh,35,0,
133,Animal,1,cow,4,0,
133,Animal,2,horse,15,0,
133,Animal,3,sheep,18,0,
133,Animal,4,cat,27,0,
133,Emotion,1,happy,38,0,
133,Emotion,2,angry,41,0,
133,Emotion,3,mad,44,0,
133,Emotion,4,sad,47,0,
134,Animal,1,zebra,4,0,
134,Animal,2,giraffe,9,0,
134,Animal,3,999rwhal,11,0,
134,Animal,4,kittys,15,0,
134,Animal,5,bunnys,16,0,
134,Animal,6,cat,18,0,
134,Animal,7,chickens,21,0,
134,Animal,8,dogs,22,0,
134,Animal,9,T-rex,37,0,
134,Animal,10,Gecko,42,0,
134,Animal,11,lizard,45,0,
134,Animal,12,chamelion,49,0,
134,Animal,13,fish,68,0,
134,Emotion,1,scared,83,0,
134,Emotion,2,nervous,84,0,
134,Emotion,3,surprised,86,0,
134,Emotion,4,happy,91,0,
134,Emotion,5,sad,92,0,
134,Emotion,6,mad,93,0,
134,Emotion,7,dissapointed,98,0,
135,Animal,1,unicorn,6,0,
135,Animal,2,tiger,7,0,
135,Animal,3,giraffe,9,0,
135,Animal,4,penguin,11,0,
135,Animal,5,kitty,17,0,
135,Animal,6,zebra,19,0,
135,Animal,7,fishy,22,0,
135,Animal,8,kangaroo,30,0,
135,Animal,9,cheetah,33,0,
135,Emotion,999,999,999,999,
136,Animal,1,tiger,12,0,
136,Animal,2,elephant,16,0,
136,Animal,3,zebra,18,0,
136,Animal,4,monkey,21,0,
136,Animal,5,chimpanzee,23,0,
136,Animal,6,gorilla,26,0,
136,Animal,7,giraffe,29,0,
136,Animal,8,horse,36,0,
136,Animal,9,cow,39,0,
136,Animal,10,pig,42,0,
136,Emotion,1,angry,77,0,
136,Emotion,2,happy,81,0,
136,Emotion,3,scared,84,0,
136,Emotion,4,worried,88,0,
136,Emotion,5,afraid,94,0,
137,Animal,1,Hippopotamus ,12,0,
137,Animal,2,giraffe,13,0,
137,Animal,3,monkey,16,0,
137,Animal,4,tiger,21,0,
137,Animal,5,lion,22,0,
137,Animal,6,butterfly,34,0,
137,Animal,7,cats,37,0,
137,Animal,8,s999kes,57,0,
137,Animal,9,worms,60,0,
137,Animal,10,dogs,63,0,
137,Animal,11,pups,66,0,
137,Emotion,999,999,999,999,
138,Animal,999,999,999,999,
138,Emotion,999,999,999,999,
143,Animal,1,pig,36,0,
143,Animal,2,horse,37,0,
143,Animal,3,cow,39,0,
143,Animal,4,Alligator,42,0,
143,Animal,5,crocodile,43,0,
143,Animal,6,rabbits,46,0,
143,Animal,7,weasel,49,0,
143,Animal,8,possum,50,0,
143,Animal,9,mole,51,0,
143,Animal,10,racoon,55,0,
143,Animal,11,fox,56,0,
143,Animal,11,bear,57,0,
143,Animal,12,hippo,61,0,
143,Animal,13,cheetah,66,0,
143,Animal,14,lion,68,0,
143,Animal,15,elephant,70,0,
143,Animal,16,turtle,72,0,
143,Animal,17,s999ke,73,0,
143,Animal,18,taranchula,76,0,
143,Emotion,1,sad,95,0,
143,Emotion,2,happy,96,0,
143,Emotion,3,surprised,97,0,
143,Emotion,4,afraid,99,0,
143,Emotion,5,mad,100,0,
143,Emotion,6,sad,108,1,
145,Animal,1,dog,15,0,
145,Animal,2,cat,16,0,
145,Animal,3,sheep,17,0,
145,Animal,4,goat,18,0,
145,Animal,5,fox,19,0,
145,Animal,6,turtle,20,0,
145,Animal,7,fish,21,0,
145,Animal,8,fox,25,1,
145,Animal,9,blue whale,28,0,
145,Animal,10,shark,30,0,
145,Animal,11,llama,36,0,
145,Animal,12,horse,37,0,
145,Animal,13,cow,39,0,
145,Animal,14,sheep,42,1,
145,Animal,15,dolphin,46,0,
145,Animal,16,stingray,47,0,
145,Animal,17,lizard,54,0,
145,Animal,18,cow,56,1,
145,Animal,19,llama,57,1,
145,Animal,20,sheep,62,1,
145,Animal,21,giraffe,66,0,
145,Emotion,1,sad,8,0,
145,Emotion,2,happy,10,0,
145,Emotion,3,scared,15,0,
145,Emotion,4,exciting,16,0,
145,Emotion,5,surprised,17,0,
145,Emotion,6,sad,23,1,
145,Emotion,7,scared,32,1,
146,Animal,1,boar,7,0,
146,Animal,2,gorilla,13,0,
146,Animal,3,peacock,19,0,
146,Animal,4,flamingo,29,0,
146,Animal,5,rhinocerous,34,0,
146,Animal,6,giraffe,50,0,
146,Animal,7,lion,68,0,
146,Animal,8,tiger,70,0,
146,Emotion,1,happy,94,0,
146,Emotion,2,sad,95,0,
146,Emotion,3,angry,96,0,
147,Animal,1,monkey,20,0,
147,Animal,2,pig,25,0,
147,Animal,3,horse,27,0,
147,Animal,4,dog,29,0,
147,Animal,5,cat,31,0,
147,Animal,6,chicken,34,0,
147,Animal,7,giraffe,49,0,
147,Animal,8,zebra,50,0,
147,Animal,9,lion,56,0,
147,Animal,10,leopard,58,0,
147,Emotion,1,surprised,81,0,
147,Emotion,2,happy,84,0,
147,Emotion,3,sad,90,0,
147,Emotion,4,grumpy,92,0,
147,Emotion,5,mad,94,0,
148,Animal,1,cat,2,0,
148,Animal,2,dog,3,0,
148,Animal,3,horses,4,0,
148,Animal,4,cow,5,0,
148,Animal,5,zebras,12,0,
148,Animal,6,crocodile,13,0,
148,Animal,7,bunnies,17,0,
148,Animal,8,squirrels,18,0,
148,Animal,9,deers,22,0,
148,Animal,10,coyotes,26,0,
148,Animal,11,wolfs,28,0,
148,Emotion,1,sad,48,0,
148,Emotion,2,happy,53,0,
148,Emotion,3,honest,56,0,
148,Emotion,4,kinda excited,60,0,
148,Emotion,5,kinda sad,62,1,
149,Animal,1,tiger,3,0,
149,Animal,2,lion,3,0,
149,Animal,3,birds,4,0,
149,Animal,4,foxes,6,0,
149,Animal,5,turkeys,7,0,
149,Animal,6,dogs,10,0,
149,Animal,7,cats,12,0,
149,Animal,8,pigs,13,0,
149,Animal,9,giraffe,15,0,
149,Animal,10,worms,44,0,
149,Animal,11,parrot,52,0,
149,Animal,12,bear,58,0,
149,Animal,13,dolphin,62,0,
149,Animal,14,whale,64,0,
149,Animal,15,sharks,65,0,
149,Animal,16,fish,67,0,
149,Emotion,1,sad,82,0,
149,Emotion,2,angry,83,0,
149,Emotion,3,happy,84,0,
149,Emotion,4,surprised,86,0,
150,Animal,1,lion,3,0,
150,Animal,2,zebra,5,0,
150,Animal,3,s999ke,6,0,
150,Animal,4,lizard,8,0,
150,Animal,5,elephants,14,0,
150,Animal,6,zebra,18,1,
150,Animal,7,chicken,20,0,
150,Animal,8,duck,21,0,
150,Animal,9,penguin,24,0,
150,Animal,10,dolphin,26,0,
150,Animal,11,ladybug,29,0,
150,Animal,12,grasshopper,32,0,
150,Animal,13,ant,37,0,
150,Animal,14,jellyfish,43,0,
150,Animal,15,squid,47,0,
150,Animal,16,panda,58,0,
150,Animal,17,koala bear,60,0,
150,Animal,18,brown bear,64,0,
150,Animal,19,black bear,66,0,
150,Animal,20,deer,68,0,
150,Animal,21,fox,70,0,
150,Animal,22,wolf,72,0,
150,Animal,23,squirell,77,0,
150,Emotion,1,happy,89,0,
150,Emotion,2,sad,90,0,
150,Emotion,3,furious,96,0,
150,Emotion,4,mad,96,0,
150,Emotion,5,upset,98,0,
151,Animal,1,giraffe,3,0,
151,Animal,2,elephants,7,0,
151,Animal,3,lion,13,0,
151,Animal,4,tigers,19,0,
151,Animal,5,monkey,23,0,
151,Animal,6,Alligator,25,0,
151,Emotion,1,sad,49,0,
151,Emotion,2,angry,52,0,
151,Emotion,3,mad,54,0,
151,Emotion,4,happy,55,0,
151,Emotion,5,cranky,64,0,
151,Emotion,6,excited,68,0,
152,Animal,1,cheetah,4,0,
152,Animal,2,lion,6,0,
152,Animal,3,monkey,8,0,
152,Animal,4,giraffe,9,0,
152,Animal,5,zebra,14,0,
152,Animal,6,alligator,21,0,
152,Animal,7,whale,24,0,
152,Animal,8,dolphin,26,0,
152,Animal,9,fish,29,0,
152,Animal,10,shark,30,0,
152,Animal,11,monkey,39,1,
152,Emotion,1,sad,60,0,
152,Emotion,2,happy,61,0,
152,Emotion,3,angry,62,0,
152,Emotion,4,mad,63,0,
152,Emotion,5,grouchy,64,0,
152,Emotion,6,cranky,78,0,
153,Animal,1,lion,8,0,
153,Animal,2,penguin,10,0,
153,Animal,3,tiger,14,0,
153,Animal,4,turtle,19,0,
153,Animal,5,frog,21,0,
153,Animal,6,giraffe,24,0,
153,Animal,7,polar bears,40,0,
153,Animal,8,buffalo,62,0,
153,Emotion,1,sad,74,0,
153,Emotion,2,mad,76,0,
153,Emotion,3,happy,77,0,
153,Emotion,4,angry,79,0,
154,Animal,1,birds,12,0,
154,Animal,2,bunny,14,0,
154,Animal,3,chipmunk,18,0,
154,Animal,4,squirell,21,0,
154,Animal,5,bears,29,0,
154,Animal,1,school busses,33,1,
154,Animal,2,cars,36,1,
154,Emotion,1,mad,52,0,
154,Emotion,2,sad,53,0,
154,Emotion,3,grumpy,55,0,
154,Emotion,4,happy,58,0,
154,Emotion,5,excited,61,0,
154,Emotion,6,hurt,65,0,
155,Animal,1,horse,7,0,
155,Animal,2,unicorn,8,0,
155,Animal,3,birds,12,0,
155,Animal,4,squirell,15,0,
155,Animal,5,rabbits,20,0,
155,Animal,6,chipmunk,21,0,
155,Animal,7,bees,23,0,
155,Animal,8,buffalo,37,0,
155,Emotion,1,sad,46,0,
155,Emotion,2,angry,48,0,
155,Emotion,3,angry,50,1,
155,Emotion,4,happy,51,0,
155,Emotion,5,serious,55,0,
155,Emotion,6,tired,61,0,
156,Animal,1,python,6,0,
156,Animal,2,lion,7,0,
156,Animal,3,giraffe,8,0,
156,Animal,4,hippo,9,0,
156,Animal,5,elephant,10,0,
156,Animal,6,worms,11,0,
156,Animal,7,s999ke,12,0,
156,Animal,8,rhinocerous,17,0,
156,Emotion,1,sad,30,0,
156,Emotion,2,mad,31,0,
156,Emotion,3,angry,34,0,
156,Emotion,4,happy,35,0,
156,Emotion,5,proud,36,0,
157,Animal,1,donkey,7,0,
157,Animal,2,cow,17,0,
157,Animal,3,moose,25,0,
157,Animal,4,giraffe,34,0,
157,Animal,5,bear,65,0,
157,Emotion,999,999,999,999,
158,Animal,1,cat,28,0,
158,Animal,2,dog,37,0,
158,Animal,3,elephant,47,0,
158,Emotion,999,999,999,999,
159,Animal,1,squirell,11,0,
159,Animal,2,cat,16,0,
159,Animal,3,dog,18,0,
159,Animal,4,racoon,24,0,
159,Animal,5,chipmunk,28,0,
159,Animal,6,honey bee,33,0,
159,Emotion,1,sad,67,0,
159,Emotion,2,happy,68,0,
159,Emotion,3,mad,69,0,
159,Emotion,4,nervous,71,0,
160,Animal,1,birds,10,0,
160,Animal,2,ducky,32,0,
160,Emotion,999,999,999,999,
162,Animal,1,zebra,6,0,
162,Animal,2,lion,8,0,
162,Animal,3,boar,10,0,
162,Animal,4,bear,12,0,
162,Animal,5,giraffe,16,0,
162,Animal,6,dog,19,0,
162,Animal,7,kitty,22,0,
162,Animal,8,monkey,27,0,
162,Animal,9,gorilla,28,0,
162,Emotion,1,sad,37,0,
162,Emotion,2,grumpy,39,0,
162,Emotion,3,silly,40,0,
162,Emotion,4,happy,42,0,
162,Emotion,5,grumpy,46,1,
162,Emotion,6,sad,47,1,
163,Animal,1,cheetah,5,0,
163,Animal,2,giraffe,8,0,
163,Animal,3,cow,10,0,
163,Animal,4,chicken,14,0,
163,Animal,5,rooster,17,0,
163,Animal,6,unicorn,20,0,
163,Animal,7,butterfly,22,0,
163,Animal,8,bumblebee,28,0,
163,Emotion,999,999,999,999,
164,Animal,1,elephant,9,0,
164,Animal,2,tiger,10,0,
164,Animal,3,giraffe,14,0,
164,Animal,4,zebra,19,0,
164,Animal,5,lions,24,0,
164,Emotion,1,angry,46,0,
165,Animal,1,giraffe,11,0,
165,Animal,2,cheetah,16,0,
165,Animal,3,leopard,23,0,
165,Animal,4,lions,26,0,
165,Animal,5,tigers,29,0,
165,Emotion,1,mad,56,0,
165,Emotion,2,angry,59,0,
166,Animal,1,cat,13,0,
166,Emotion,999,999,999,999,
168,Animal,1,cow,4,0,
168,Animal,2,ducks,5,0,
168,Animal,3,horse,7,0,
168,Animal,4,donkey,15,0,
168,Animal,5,cat,23,0,
168,Animal,6,dog,25,0,
168,Emotion,1,happy,41,0,
168,Emotion,2,sad,42,0,
168,Emotion,3,mad,43,0,
168,Emotion,4,frustrated,44,0,
168,Emotion,5,worried,49,0,
168,Emotion,6,surprised,50,0,
169,Animal,1,unicorn,17,0,
169,Animal,2,cheetah,32,0,
169,Animal,3,bunny?,38,0,
169,Animal,4,lion,46,0,
169,Animal,5,tiger,52,0,
169,Animal,6,monkey,61,0,
169,Animal,7,seals,75,0,
169,Animal,8,rhinocerous,98,0,
169,Animal,9,elephants,104,0,
169,Emotion,1,happy,122,0,
169,Emotion,2,mad,125,0,
169,Emotion,3,sad,128,0,
169,Emotion,4,angry,132,0,
170,Animal,1,seals,7,0,
170,Animal,2,whale,9,0,
170,Animal,3,dolphin,11,0,
170,Animal,4,penguin,14,0,
170,Animal,5,shark,16,0,
170,Animal,6,porcupine,23,0,
170,Animal,7,chipmunk,27,0,
170,Animal,8,elephant,32,0,
170,Animal,9,tiger,34,0,
170,Animal,10,di999saur,39,0,
170,Animal,11,Pterodactyls,43,0,
170,Animal,12,T-Rex,46,0,
170,Animal,13,bear,53,0,
170,Animal,14,monster,57,1,
170,Animal,15,otter,70,0,
170,Emotion,1,mad,87,0,
170,Emotion,2,angry,90,0,
170,Emotion,3,grouchy,92,0,
170,Emotion,4,happy,97,0,
170,Emotion,5,cranky,101,0,
170,Emotion,6,sad,104,0,
170,Emotion,7,excited,106,0,
170,Emotion,8,frustrated,113,0,
170,Emotion,9,happy,117,1,
170,Emotion,10,grouchy,158,1,
171,Animal,1,lion,5,0,
171,Animal,2,turkey,7,0,
171,Animal,3,birds,13,0,
171,Animal,4,fish,14,0,
171,Animal,5,lion,31,1,
171,Animal,6,giraffe,37,0,
171,Emotion,1,happy,999,0,wouldn't say words; but during task was labeling all the faces
171,Emotion,2,mad,999,0,wouldn't say words; but during task was labeling all the faces
171,Emotion,3,surprised,999,0,wouldn't say words; but during task was labeling all the faces
171,Emotion,4,angry,999,0,wouldn't say words; but during task was labeling all the faces
171,Emotion,5,sad,999,0,wouldn't say words; but during task was labeling all the faces
172,Animal,1,bird,5,0,
172,Animal,2,bus,10,1,
172,Animal,3,car,12,1,
172,Animal,4,squirel,30,0,
172,Animal,5,cardinal,33,0,
172,Animal,6,bluejay,35,0,
172,Animal,7,stork,39,0,
172,Animal,8,squirel,45,1,
172,Animal,9,bear,46,0,
172,Emotion,1,mad,64,0,
172,Emotion,2,sad,65,0,
172,Emotion,3,happy,66,0,
172,Emotion,4,not so happy,67,0,
172,Emotion,5,surprised,69,0,
173,Animal,1,deer,10,0,
173,Animal,2,cheetah,13,0,
173,Animal,3,wolf,15,0,
173,Animal,4,zebra,18,0,
173,Animal,5,tiger,21,0,
173,Animal,6,mouse,28,0,
173,Animal,7,jaguar,36,0,
173,Emotion,1,sad,60,0,
173,Emotion,2,surprised,62,0,
173,Emotion,3,mad,64,0,
173,Emotion,4,sad,66,1,
174,Animal,1,bunny,24,0,
174,Animal,2,sheeps,32,0,
174,Animal,3,ducks,36,0,
174,Animal,4,platypus,43,0,
174,Animal,5,lion,53,0,
174,Animal,6,elephant,68,0,
174,Animal,7,tiger,72,0,
174,Animal,8,bear,76,0,
174,Emotion,1,happy face,122,0,
174,Emotion,2,sad face,128,0,
175,Animal,1,zebra,6,0,
175,Animal,2,lion,15,0,
175,Animal,3,big lion,16,1,
175,Animal,4,bears,23,0,
175,Animal,5,ball,35,1,
175,Emotion,1,happy,999,0,"sad happy durig the task, but did not say any during the word game"
176,Animal,1,cow,9,0,
176,Animal,2,chicken,20,0,
176,Animal,3,birds,26,0,
176,Animal,4,bunny,32,0,
176,Animal,5,duck,54,0,
176,Emotion,999,999,999,999,
177,Animal,1,cat,15,0,
177,Emotion,999,999,999,999,
178,Animal,1,rabbits,9,0,
178,Animal,2,birds,14,0,
178,Animal,3,bears,23,0,
178,Animal,4,bunny,26,0,
178,Animal,5,witches,28,1,
178,Animal,6,flowers,34,1,
178,Animal,7,gooses,37,0,
178,Animal,8,penguins,42,0,
178,Animal,9,swallows,45,0,
178,Animal,10,flamingos,47,0,
178,Animal,11,glasses,50,1,
178,Animal,12,eyes,54,1,
178,Animal,13,conditioner,62,1,
178,Animal,14,shades,68,1,
178,Emotion,1,sad,76,0,
178,Emotion,2,happy,78,0,
178,Emotion,3,smiling,81,0,
178,Emotion,4,grumpy,84,0,
178,Emotion,5,mad,88,0,
178,Emotion,6,need to take a deep breath,92,0,
178,Emotion,7,shoes,96,1,
178,Emotion,8,glasses,100,1,
179,Animal,1,tiger,12,0,
179,Emotion,1,sad,999,0,didn’t come up with any on their own but said sad during the task
180,Animal,1,tiger,7,0,
180,Animal,2,lion,8,0,
180,Animal,3,giraffe,9,0,
180,Animal,4,dog,10,0,
180,Animal,5,cat,11,0,
180,Emotion,1,sad,21,0,
180,Emotion,2,happy,22,0,
180,Emotion,3,mad,23,0,
180,Emotion,4,disgusted,24,0,
181,Animal,1,giraffe,todo,0,
181,Animal,2,monkey,todo,0,
181,Animal,3,elephant,todo,0,
181,Animal,4,kangaroo,todo,0,
181,Emotion,1,happy,todo,0,
181,Emotion,2,sad,todo,0,
181,Emotion,3,mad,todo,0,
182,Animal,1,giraffe,todo,0,
182,Animal,2,octopus,todo,0,
182,Animal,3,fish,todo,0,
182,Animal,4,lion,todo,0,
182,Animal,5,zebra,todo,0,
182,Animal,6,gorilla,todo,0,
182,Animal,7,chimpanzee,todo,0,
182,Animal,8,tiger,todo,0,
182,Animal,9,lizard,todo,0,
182,Animal,10,elephant,todo,0,
182,Animal,11,fish,todo,0,
182,Emotion,1,sad,todo,0,
182,Emotion,2,happy,todo,0,
183,Animal,1,lion,todo,0,
183,Animal,2,tiger,todo,0,
183,Animal,3,giraffe,todo,0,
183,Animal,4,cheetah,todo,0,
183,Animal,5,leopard,todo,0,
183,Animal,6,rhino,todo,0,
183,Emotion,1,happy,todo,0,
183,Emotion,2,sad,todo,0,
183,Emotion,3,angry,todo,0,
183,Emotion,4,mad,todo,0,
184,Animal,1,lion,todo,0,
184,Animal,2,flamingo,todo,0,
184,Animal,3,giraffe,todo,0,
184,Animal,4,unicorn,todo,0,
184,Animal,5,tiger,todo,0,
184,Animal,6,butterfly,todo,0,
184,Animal,7,penguin,todo,0,
184,Animal,8,monkey,todo,0,
184,Animal,9,mouse,todo,0,Olivia asked them about house animals (can't include)
184,Emotion,1,bored,todo,0,
184,Emotion,2,worried,todo,0,
184,Emotion,3,sad,todo,0,kind of the sam as worried'
184,Emotion,4,angry,todo,0,
184,Emotion,5,mad,todo,0,angry is madder
184,Emotion,6,happy,todo,0,
184,Emotion,7,excited,todo,0,
185,Animal,1,bunny,todo,0,
185,Animal,2,tiger,todo,0,
185,Animal,3,unicorn,todo,0,
185,Animal,4,dinosaur,todo,0,
185,Animal,5,giraffe,todo,0,
185,Animal,6,seal,todo,0,
185,Animal,7,monkey,todo,0,
185,Animal,8,mouse,todo,0,
185,Animal,9,cheetah,todo,0,
185,Animal,10,dolphin,todo,0,
185,Animal,11,seal,todo,1,said seal twice
185,Animal,12,fish,todo,0,
185,Animal,13,rhino,todo,0,
185,Animal,14,turtle,todo,0,
185,Animal,15,bird,todo,0,
185,Emotion,1,sad,todo,0,
185,Emotion,2,happy,todo,0,
185,Emotion,3,comfortable,todo,0,
185,Emotion,4,confusing,todo,0,
185,Emotion,5,uncomfortable,todo,0,
185,Emotion,6,mad,todo,0,
185,Emotion,7,angry,todo,0,
186,Animal,1,cats,todo,0,
186,Animal,2,dogs,todo,0,
186,Animal,3,squirrels,todo,0,
186,Animal,4,raccoons,todo,0,
186,Animal,5,cows,todo,0,
186,Animal,6,horses,todo,0,
186,Animal,7,pigs,todo,0,
186,Animal,8,sheep,todo,0,
186,Animal,9,alligator,todo,0,
186,Animal,10,monkey,todo,0,
186,Emotion,1,happy,todo,0,
186,Emotion,2,sad,todo,0,
186,Emotion,3,mad,todo,0,
186,Emotion,4,surprised,todo,0,
187,Animal,1,giraffe,todo,0,
187,Animal,2,elephant,todo,0,
187,Animal,3,tiger,todo,0,
187,Animal,4,monkey,todo,0,
187,Animal,5,toucan,todo,0,
187,Animal,6,dolphin,todo,0,
187,Animal,7,whale,todo,0,
187,Animal,8,penguin,todo,0,
187,Animal,9,lion,todo,0,
187,Emotion,1,sad,todo,0,
187,Emotion,2,happy,todo,0,
187,Emotion,3,angry,todo,0,
187,Emotion,4,nervous,todo,0,
187,Emotion,5,surprised,todo,0,
187,Emotion,6,embarassed,todo,0,
187,Emotion,7,furious,todo,0,
188,Animal,1,lion,todo,0,
188,Animal,2,alligator,todo,0,
188,Animal,3,turtle,todo,0,
188,Animal,4,s999ke,todo,0,
188,Animal,5,monkey,todo,0,
188,Animal,6,whale,todo,0,
188,Animal,7,shark,todo,0,
188,Animal,8,squid,todo,0,
188,Animal,9,octopus,todo,0,
188,Animal,10,seas999ke,todo,0,
188,Animal,11,hog,todo,0,
188,Emotion,1,mad,todo,0,
188,Emotion,2,sad,todo,0,
188,Emotion,3,angry,todo,0,
188,Emotion,4,happy,todo,0,
188,Emotion,5,confused,todo,0,
189,Animal,1,s999ke,todo,0,
189,Animal,2,turtle,todo,0,
189,Animal,3,squirrel,todo,0,
189,Animal,4,shark,todo,0,
189,Emotion,1,sad,todo,0,
189,Emotion,2,happy,todo,0,
189,Emotion,3,surprised,todo,0,
190,Animal,1,pig,todo,0,
190,Animal,2,cow,todo,0,
190,Animal,3,mouse,todo,0,
190,Animal,4,cow,todo,1,
190,Animal,5,giraffe,todo,0,
190,Emotion,1,sad,todo,0,
190,Emotion,2,mad,todo,0,
191,Animal,1,squirrel,todo,0,
191,Animal,2,chickadee,todo,0,
191,Animal,3,sparrow,todo,0,
191,Animal,4,hawk,todo,0,
191,Animal,5,falcon,todo,0,
191,Animal,6,squirrel,todo,1,
191,Animal,7,mouse,todo,0,
191,Animal,8,woodpeckers,todo,0,
191,Animal,9,cat,todo,0,
191,Animal,10,cheetah,todo,0,
191,Emotion,1,sad,todo,0,
191,Emotion,2,angry,todo,0,
191,Emotion,3,sad,todo,1,
191,Emotion,4,angry,todo,1,
192,Animal,1,tiger,todo,0,
192,Animal,2,lion,todo,0,
192,Animal,3,leopard,todo,0,
192,Animal,4,cheetah,todo,0,
192,Animal,5,cat,todo,0,
192,Animal,6,dog,todo,0,
192,Animal,7,horse,todo,0,
192,Animal,8,fish,todo,0,
192,Animal,9,alligator,todo,0,
192,Emotion,1,sad,todo,0,
192,Emotion,2,happy,todo,0,
192,Emotion,3,grossed out,todo,0,
192,Emotion,4,weird,todo,0,
192,Emotion,5,excited,todo,0,
192,Emotion,6,surprised,todo,0,
193,Animal,1,bird,todo,0,
193,Animal,2,chipmunk,todo,0,
193,Animal,3,dog,todo,0,
193,Animal,4,cats,todo,0,
193,Animal,5,lions,todo,0,
193,Animal,6,zebras,todo,0,
193,Animal,7,horses,todo,0,
193,Animal,8,pigs,todo,0,
193,Animal,9,chickens,todo,0,
193,Animal,10,roosters,todo,0,
193,Animal,11,ducks,todo,0,
193,Emotion,1,sad,todo,0,
193,Emotion,2,happy,todo,0,
193,Emotion,3,mad,todo,0,
193,Emotion,4,anxious,todo,0,
193,Emotion,5,angry,todo,0,
193,Emotion,6,excited,todo,0,
193,Emotion,7,happy,todo,1,
193,Emotion,8,sad,todo,0,
193,Emotion,9,crying,todo,0,
194,Animal,1,owls,todo,0,
194,Animal,2,cheetah,todo,0,
194,Animal,3,bear,todo,0,
194,Animal,4,tiger,todo,0,
194,Animal,5,polar bears,todo,0,
194,Emotion,1,surprised,todo,0,
194,Emotion,2,happy,todo,0,
194,Emotion,3,sad,todo,0,
194,Emotion,4,mad,todo,0,
194,Emotion,5,confused,todo,0,
194,Emotion,6,disgusted,todo,0,
195,Animal,1,kangaroo,todo,0,
195,Animal,2,dinosaur,todo,0,
195,Animal,3,lion,todo,0,
195,Animal,4,tiger,todo,0,
195,Animal,5,mouse,todo,0,
195,Animal,6,hamster,todo,0,
195,Animal,7,guinea pig,todo,0,
195,Animal,8,dog,todo,0,
195,Animal,9,cat,todo,0,
195,Animal,10,mouse,todo,1,
195,Animal,11,hamster,todo,1,
195,Animal,12,tiger,todo,1,
195,Emotion,1,mad,todo,0,
195,Emotion,2,sad,todo,0,
195,Emotion,3,angry,todo,0,
195,Emotion,4,happy,todo,0,
196,Animal,1,cheetah,todo,0,
196,Animal,2,jaguar,todo,0,
196,Animal,3,bird,todo,0,
196,Animal,4,swans,todo,0,
196,Animal,5,chipmunks,todo,0,
196,Animal,6,cats,todo,0,
196,Animal,7,dogs,todo,0,
196,Animal,8,chickens,todo,0,
196,Animal,9,possums,todo,0,
196,Animal,10,frog,todo,0,
196,Animal,11,duck,todo,0,
196,Animal,12,shark,todo,0,
196,Animal,13,lion,todo,0,
196,Animal,14,crocodile,todo,0,
196,Animal,15,monkey,todo,0,
196,Animal,16,giraffe,todo,0,
196,Animal,17,owl,todo,0,
196,Animal,18,hippos,todo,0,
196,Animal,19,bears,todo,0,
196,Animal,20,big white sharks,todo,1,
196,Animal,21,elephant,todo,0,
196,Emotion,1,sad,todo,0,
196,Emotion,2,angry,todo,0,
196,Emotion,3,disgust,todo,0,
196,Emotion,4,happy,todo,0,
196,Emotion,5,mad,todo,0,
196,Emotion,6,frustrated,todo,0,
197,Animal,1,bunny,todo,0,
197,Animal,2,horse,todo,0,
197,Animal,3,cow,todo,0,
197,Animal,4,pig,todo,0,
197,Animal,5,sheep,todo,0,
197,Animal,6,chicken,todo,0,
197,Animal,7,dog,todo,0,
197,Animal,8,cat,todo,0,
197,Animal,9,pig,todo,1,
197,Animal,10,horse,todo,1,
197,Emotion,1,sad,todo,0,
197,Emotion,2,happy,todo,0,
197,Emotion,3,angry,todo,0,
197,Emotion,4,disgusted,todo,0,
197,Emotion,5,mad,todo,0,
197,Emotion,6,happy,todo,1,
197,Emotion,7,angry,todo,1,
198,Animal,1,bird,todo,0,
198,Emotion,1,frustrated,todo,0,
198,Emotion,2,scared,todo,0,
198,Emotion,3,happy,todo,0,
198,Emotion,4,disgusted,todo,0,
198,Emotion,5,scared,todo,1,
199,Animal,1,donkey,todo,0,
199,Animal,2,cows,todo,0,
199,Animal,3,cats,todo,0,
199,Animal,4,dog,todo,0,
199,Animal,5,sheeps,todo,0,
199,Animal,6,cat,todo,1,
199,Animal,7,mouse,todo,0,
199,Emotion,1,mad,todo,0,
199,Emotion,2,happy,todo,0,
199,Emotion,3,really mad,todo,1,
300,Animal,1,snake,todo,0,
300,Animal,2,tiger,todo,0,
300,Animal,3,lion,todo,0,
300,Animal,4,cat,todo,0,
300,Animal,5,dog,todo,0,
300,Animal,6,fish,todo,0,
300,Emotion,1,sad,todo,0,
300,Emotion,2,happy,todo,0,
300,Emotion,3,mad,todo,0,
300,Emotion,4,frustrated,todo,0,
300,Emotion,5,confused,todo,0,
301,Animal,1,giraffe,todo,0,
301,Animal,2,horse,todo,0,
301,Animal,3,lion,todo,0,
301,Animal,4,peacock,todo,0,
301,Animal,5,beaver,todo,0,
301,Animal,6,otter,todo,0,
301,Animal,7,fish,todo,0,
301,Animal,8,pelican,todo,0,
301,Animal,9,bear,todo,0,
301,Animal,10,polar bears,todo,0,
301,Animal,11,seal,todo,0,
301,Animal,12,walrus,todo,0,
301,Animal,13,deer,todo,0,
301,Animal,14,moose,todo,0,
301,Emotion,1,sad,todo,0,
301,Emotion,2,mad,todo,0,
301,Emotion,3,surprised,todo,0,
301,Emotion,4,happy,todo,0,
301,Emotion,5,good,todo,0,
301,Emotion,6,excited,todo,0,
301,Emotion,7,okay,todo,0,
301,Emotion,8,fine,todo,0,
301,Emotion,9,great,todo,0,
302,Animal,1,horse,todo,0,
302,Animal,2,cow,todo,0,
302,Animal,3,sheep,todo,0,
302,Animal,4,eagle,todo,0,
302,Animal,5,pig? Or fal?,todo,0,
302,Animal,6,falcon,todo,0,
302,Animal,7,vulture,todo,0,
302,Animal,8,panda,todo,0,
302,Animal,9,koala,todo,0,
302,Animal,10,lion,todo,0,
302,Animal,11,tiger,todo,0,
302,Emotion,1,happy,todo,0,
302,Emotion,2,sad,todo,0,
302,Emotion,3,mad,todo,0,
302,Emotion,4,surprised,todo,0,
302,Emotion,5,kind,todo,0,
302,Emotion,6,kind,todo,1,
303,Animal,1,zebra,todo,0,
303,Animal,2,elephant,todo,0,
303,Animal,3,giraffe,todo,0,
303,Animal,4,pig,todo,0,
303,Animal,5,purple stuff,todo,1,
303,Animal,6,pink stuff,todo,1,
303,Animal,7,baby pig,todo,1,
303,Animal,8,sheep,todo,0,
303,Animal,9,baby pig,todo,1,
303,Emotion,1,NA,NA,NA,
304,Animal,1,elephant,7,0,
304,Animal,2,tiger,10,0,
304,Animal,3,lion,13,0,
304,Animal,4,squirrel,18,0,
304,Animal,5,bunny,20,0,
304,Animal,6,monkey,35,0,
304,Emotion,1,happy,48,0,
304,Emotion,2,mad,53,0,
304,Emotion,3,sad,56,0,
304,Emotion,4,frustrated,58,0,
304,Emotion,5,angry,1.02,0,
305,Animal,1,NA,NA,NA,
305,Emotion,1,NA,NA,NA,
307,Animal,1,birdie,todo,0,
307,Animal,2,cardinal,todo,0,
307,Emotion,1,NA,NA,NA,