"participant","seed","sort","image","final_img_pos","posX","posY"
"201",1,"Practice","table","[ 215.  224.]",215,224
"201",1,"Practice","car","[-357.  -74.]",-357,-74
"201",1,"Practice","bird","[ 358. -223.]",358,-223
"201",1,"Practice","squirrel","[ 215. -372.]",215,-372
"201",1,"Practice","bus","[-500.   75.]",-500,75
"201",1,"Sort1","M07sad_c","[ 215.  224.]",215,224
"201",1,"Sort1","M07hap_c","[-500. -223.]",-500,-223
"201",1,"Sort1","M07fear_c","[ 358. -223.]",358,-223
"201",1,"Sort1","M07neut_c","[-500.  224.]",-500,224
"201",1,"Sort1","M07fear_o","[ 501. -223.]",501,-223
"201",1,"Sort1","M07hap_o","[-357. -223.]",-357,-223
"201",1,"Sort1","M07calm_c","[-500.  373.]",-500,373
"201",1,"Sort1","M07sad_o","[ 358.  224.]",358,224
"201",1,"Sort1","M07calm_o","[-357. -372.]",-357,-372
"201",1,"Sort1","M07ang_o","[ 358.  373.]",358,373
"201",1,"Sort1","M07disg_o","[ 215.   75.]",215,75
"201",1,"Sort1","M07neut_o","[-357.  224.]",-357,224
"201",1,"Sort1","M07surp_c","[ 358. -372.]",358,-372
"201",1,"Sort1","M07ang_c","[ 72.  75.]",72,75
"201",1,"Sort1","M07surp_o","[-500. -372.]",-500,-372
"201",1,"Sort1","M07exc_c","[-643. -223.]",-643,-223
"201",1,"Sort1","M07exc_o","[-357.  373.]",-357,373
"201",1,"Sort1","M07disg_c","[ 215.  373.]",215,373
"201",1,"Sort2","F22sad_c","[ -71.  224.]",-71,224
"201",1,"Sort2","M05exc_c","[-500. -223.]",-500,-223
"201",1,"Sort2","M02ang_c","[ 358.  224.]",358,224
"201",1,"Sort2","F14surp_c","[ 358. -223.]",358,-223
"201",1,"Sort2","F13exc_o","[-643. -223.]",-643,-223
"201",1,"Sort2","M04disg_c","[ 215.  224.]",215,224
"201",1,"Sort2","F15hap_c","[-500.  -74.]",-500,-74
"201",1,"Sort2","M17sad_o","[-214.  224.]",-214,224
"201",1,"Sort2","M14neut_o","[ -71.  373.]",-71,373
"201",1,"Sort2","F04ang_o","[ 358.  373.]",358,373
"201",1,"Sort2","M12hap_o","[-357. -223.]",-357,-223
"201",1,"Sort2","F01fear_c","[ 215. -223.]",215,-223
"201",1,"Sort2","M08fear_o","[ 358.  -74.]",358,-74
"201",1,"Sort2","F17calm_o","[-357.  -74.]",-357,-74
"201",1,"Sort2","M15surp_o","[ 215. -372.]",215,-372
"201",1,"Sort2","F10disg_o","[ 215.  373.]",215,373
"201",1,"Sort2","M03calm_c","[  72. -223.]",72,-223
"201",1,"Sort2","F07neut_c","[ 72. -74.]",72,-74
"202",2,"Practice","table","[-71.  75.]",-71,75
"202",2,"Practice","bird","[ 644.  -74.]",644,-74
"202",2,"Practice","bus","[-643. -223.]",-643,-223
"202",2,"Practice","squirrel","[ 358.   75.]",358,75
"202",2,"Practice","car","[-500.  -74.]",-500,-74
"202",2,"Sort1","M07hap_c","[ 358.   75.]",358,75
"202",2,"Sort1","M07neut_o","[-357.   75.]",-357,75
"202",2,"Sort1","M07fear_o","[-357. -223.]",-357,-223
"202",2,"Sort1","M07sad_o","[-500.  224.]",-500,224
"202",2,"Sort1","M07exc_c","[ 644.   75.]",644,75
"202",2,"Sort1","M07disg_c","[-357.  373.]",-357,373
"202",2,"Sort1","M07exc_o","[ 215.  -74.]",215,-74
"202",2,"Sort1","M07hap_o","[ 501.  224.]",501,224
"202",2,"Sort1","M07surp_c","[ 72.  75.]",72,75
"202",2,"Sort1","M07ang_c","[-214.  373.]",-214,373
"202",2,"Sort1","M07surp_o","[ 358.  373.]",358,373
"202",2,"Sort1","M07disg_o","[ -71. -372.]",-71,-372
"202",2,"Sort1","M07calm_o","[ 358. -372.]",358,-372
"202",2,"Sort1","M07sad_c","[-643.  224.]",-643,224
"202",2,"Sort1","M07neut_c","[-214.   75.]",-214,75
"202",2,"Sort1","M07ang_o","[ -71. -223.]",-71,-223
"202",2,"Sort1","M07calm_c","[ 215. -372.]",215,-372
"202",2,"Sort1","M07fear_c","[-357. -372.]",-357,-372
"202",2,"Sort2","M05exc_c","[ 501.  224.]",501,224
"202",2,"Sort2","F01fear_c","[  72.  224.]",72,224
"202",2,"Sort2","F13exc_o","[ 501.   75.]",501,75
"202",2,"Sort2","M17sad_o","[-357.  -74.]",-357,-74
"202",2,"Sort2","F10disg_o","[-643.  373.]",-643,373
"202",2,"Sort2","F07neut_c","[-71. -74.]",-71,-74
"202",2,"Sort2","M03calm_c","[ 72. -74.]",72,-74
"202",2,"Sort2","M04disg_c","[-643.  224.]",-643,224
"202",2,"Sort2","M08fear_o","[  72.  373.]",72,373
"202",2,"Sort2","F17calm_o","[ 358. -372.]",358,-372
"202",2,"Sort2","M15surp_o","[ 215.  373.]",215,373
"202",2,"Sort2","M12hap_o","[ 358. -223.]",358,-223
"202",2,"Sort2","M14neut_o","[ -71. -223.]",-71,-223
"202",2,"Sort2","F22sad_c","[-357.   75.]",-357,75
"202",2,"Sort2","F14surp_c","[ 215.  224.]",215,224
"202",2,"Sort2","F04ang_o","[-500.  373.]",-500,373
"202",2,"Sort2","F15hap_c","[ 501.  373.]",501,373
"202",2,"Sort2","M02ang_c","[-500.  224.]",-500,224
"203",3,"Practice","bus","[-357.   75.]",-357,75
"203",3,"Practice","squirrel","[ 358.   75.]",358,75
"203",3,"Practice","car","[-357.  -74.]",-357,-74
"203",3,"Practice","bird","[ 358.  -74.]",358,-74
"203",3,"Practice","table","[  72.  224.]",72,224
"203",3,"Sort1","M07ang_c","[ 501.   75.]",501,75
"203",3,"Sort1","M07neut_c","[ 358. -223.]",358,-223
"203",3,"Sort1","M07sad_c","[ 501. -372.]",501,-372
"203",3,"Sort1","M07fear_c","[ 215. -223.]",215,-223
"203",3,"Sort1","M07sad_o","[ 215. -372.]",215,-372
"203",3,"Sort1","M07hap_c","[-357. -372.]",-357,-372
"203",3,"Sort1","M07surp_o","[-357. -223.]",-357,-223
"203",3,"Sort1","M07neut_o","[ 358. -372.]",358,-372
"203",3,"Sort1","M07fear_o","[ 644. -372.]",644,-372
"203",3,"Sort1","M07disg_c","[ 215.   75.]",215,75
"203",3,"Sort1","M07exc_o","[-214. -223.]",-214,-223
"203",3,"Sort1","M07exc_c","[-214. -372.]",-214,-372
"203",3,"Sort1","M07ang_o","[ 644.   75.]",644,75
"203",3,"Sort1","M07disg_o","[ 358.   75.]",358,75
"203",3,"Sort1","M07calm_c","[-357.   75.]",-357,75
"203",3,"Sort1","M07surp_c","[-214.   75.]",-214,75
"203",3,"Sort1","M07calm_o","[-214.  -74.]",-214,-74
"203",3,"Sort1","M07hap_o","[-357.  -74.]",-357,-74
"203",3,"Sort2","F17calm_o","[ 358.  224.]",358,224
"203",3,"Sort2","F14surp_c","[-214.  224.]",-214,224
"203",3,"Sort2","F22sad_c","[ -71. -223.]",-71,-223
"203",3,"Sort2","M02ang_c","[  72. -223.]",72,-223
"203",3,"Sort2","M17sad_o","[-357.  224.]",-357,224
"203",3,"Sort2","M05exc_c","[ 358.   75.]",358,75
"203",3,"Sort2","M15surp_o","[ -71.  224.]",-71,224
"203",3,"Sort2","F01fear_c","[-71.  75.]",-71,75
"203",3,"Sort2","F13exc_o","[ 358.  -74.]",358,-74
"203",3,"Sort2","F07neut_c","[-214. -223.]",-214,-223
"203",3,"Sort2","M03calm_c","[-357. -223.]",-357,-223
"203",3,"Sort2","F10disg_o","[-214.   75.]",-214,75
"203",3,"Sort2","F04ang_o","[-357.   75.]",-357,75
"203",3,"Sort2","M12hap_o","[ 501.  -74.]",501,-74
"203",3,"Sort2","F15hap_c","[ 215.   75.]",215,75
"203",3,"Sort2","M08fear_o","[-71. -74.]",-71,-74
"203",3,"Sort2","M14neut_o","[-214.  -74.]",-214,-74
"203",3,"Sort2","M04disg_c","[-357.  -74.]",-357,-74
"204",4,"Practice","bird","[-357.  224.]",-357,224
"204",4,"Practice","squirrel","[-357. -223.]",-357,-223
"204",4,"Practice","car","[ 501.  224.]",501,224
"204",4,"Practice","bus","[ 358.   75.]",358,75
"204",4,"Practice","table","[ 358. -372.]",358,-372
"204",4,"Sort1","M07surp_o","[-500. -223.]",-500,-223
"204",4,"Sort1","M07exc_c","[-500.  -74.]",-500,-74
"204",4,"Sort1","M07exc_o","[ 501. -223.]",501,-223
"204",4,"Sort1","M07calm_o","[ -71. -223.]",-71,-223
"204",4,"Sort1","M07sad_o","[ 215.  373.]",215,373
"204",4,"Sort1","M07hap_c","[-357.  -74.]",-357,-74
"204",4,"Sort1","M07fear_o","[ 358.   75.]",358,75
"204",4,"Sort1","M07fear_c","[-500.  224.]",-500,224
"204",4,"Sort1","M07calm_c","[-500.   75.]",-500,75
"204",4,"Sort1","M07neut_o","[  72.  224.]",72,224
"204",4,"Sort1","M07disg_o","[-357.  373.]",-357,373
"204",4,"Sort1","M07sad_c","[ 358.  373.]",358,373
"204",4,"Sort1","M07surp_c","[  72. -223.]",72,-223
"204",4,"Sort1","M07ang_o","[-500.  373.]",-500,373
"204",4,"Sort1","M07disg_c","[-214.  373.]",-214,373
"204",4,"Sort1","M07ang_c","[-643.  373.]",-643,373
"204",4,"Sort1","M07neut_c","[ 72. -74.]",72,-74
"204",4,"Sort1","M07hap_o","[-357. -223.]",-357,-223
"204",4,"Sort2","M15surp_o","[ 501. -223.]",501,-223
"204",4,"Sort2","F10disg_o","[-71.  75.]",-71,75
"204",4,"Sort2","M03calm_c","[ -71. -223.]",-71,-223
"204",4,"Sort2","M14neut_o","[  72. -223.]",72,-223
"204",4,"Sort2","M17sad_o","[ 501.   75.]",501,75
"204",4,"Sort2","M05exc_c","[-357. -223.]",-357,-223
"204",4,"Sort2","F13exc_o","[-500. -223.]",-500,-223
"204",4,"Sort2","M02ang_c","[ 501.  224.]",501,224
"204",4,"Sort2","F15hap_c","[-214. -223.]",-214,-223
"204",4,"Sort2","F01fear_c","[ 215. -223.]",215,-223
"204",4,"Sort2","M12hap_o","[-357. -372.]",-357,-372
"204",4,"Sort2","F22sad_c","[ 501.  -74.]",501,-74
"204",4,"Sort2","M08fear_o","[ 358. -223.]",358,-223
"204",4,"Sort2","F04ang_o","[-500.  373.]",-500,373
"204",4,"Sort2","F07neut_c","[-500.   75.]",-500,75
"204",4,"Sort2","F17calm_o","[-500.  -74.]",-500,-74
"204",4,"Sort2","F14surp_c","[ 358.  -74.]",358,-74
"204",4,"Sort2","M04disg_c","[ 72.  75.]",72,75
"205",5,"Practice","bus","[-71. -74.]",-71,-74
"205",5,"Practice","table","[ 215.  224.]",215,224
"205",5,"Practice","car","[-214.  -74.]",-214,-74
"205",5,"Practice","bird","[-357.  224.]",-357,224
"205",5,"Practice","squirrel","[-214.  224.]",-214,224
"205",5,"Sort1","M07surp_o","[-500.  -74.]",-500,-74
"205",5,"Sort1","M07ang_c","[ 644.  373.]",644,373
"205",5,"Sort1","M07hap_o","[-643.  -74.]",-643,-74
"205",5,"Sort1","M07disg_o","[-357.  224.]",-357,224
"205",5,"Sort1","M07neut_c","[ -71. -372.]",-71,-372
"205",5,"Sort1","M07disg_c","[-214.  224.]",-214,224
"205",5,"Sort1","M07hap_c","[-357.  -74.]",-357,-74
"205",5,"Sort1","M07neut_o","[  72. -372.]",72,-372
"205",5,"Sort1","M07sad_o","[ 215.  224.]",215,224
"205",5,"Sort1","M07calm_o","[-500. -223.]",-500,-223
"205",5,"Sort1","M07surp_c","[ 644.   75.]",644,75
"205",5,"Sort1","M07ang_o","[ 501.  373.]",501,373
"205",5,"Sort1","M07fear_c","[ 358. -223.]",358,-223
"205",5,"Sort1","M07fear_o","[ 501. -223.]",501,-223
"205",5,"Sort1","M07exc_o","[ 501.   75.]",501,75
"205",5,"Sort1","M07calm_c","[-357. -223.]",-357,-223
"205",5,"Sort1","M07exc_c","[-643. -223.]",-643,-223
"205",5,"Sort1","M07sad_c","[  72.  224.]",72,224
"205",5,"Sort2","M15surp_o","[-357.   75.]",-357,75
"205",5,"Sort2","F17calm_o","[ 358.   75.]",358,75
"205",5,"Sort2","M04disg_c","[  72. -223.]",72,-223
"205",5,"Sort2","M12hap_o","[ 358.  224.]",358,224
"205",5,"Sort2","F14surp_c","[-500.   75.]",-500,75
"205",5,"Sort2","F07neut_c","[ -71.  373.]",-71,373
"205",5,"Sort2","M05exc_c","[ 501.   75.]",501,75
"205",5,"Sort2","F01fear_c","[ -71. -223.]",-71,-223
"205",5,"Sort2","M17sad_o","[  72. -372.]",72,-372
"205",5,"Sort2","M14neut_o","[-214.  373.]",-214,373
"205",5,"Sort2","M08fear_o","[ -71. -372.]",-71,-372
"205",5,"Sort2","F04ang_o","[-500. -223.]",-500,-223
"205",5,"Sort2","M02ang_c","[-500. -372.]",-500,-372
"205",5,"Sort2","F13exc_o","[ 501.  224.]",501,224
"205",5,"Sort2","M03calm_c","[  72.  373.]",72,373
"205",5,"Sort2","F15hap_c","[ 358.  -74.]",358,-74
"205",5,"Sort2","F10disg_o","[-357. -223.]",-357,-223
"205",5,"Sort2","F22sad_c","[ 215. -372.]",215,-372
"206",6,"Practice","bird","[ 72.  75.]",72,75
"206",6,"Practice","bus","[-500. -223.]",-500,-223
"206",6,"Practice","table","[ 501. -223.]",501,-223
"206",6,"Practice","car","[-357. -223.]",-357,-223
"206",6,"Practice","squirrel","[-214.  224.]",-214,224
"206",6,"Sort1","M07neut_c","[ 215.   75.]",215,75
"206",6,"Sort1","M07calm_c","[-71.  75.]",-71,75
"206",6,"Sort1","M07calm_o","[-357.   75.]",-357,75
"206",6,"Sort1","M07fear_o","[  72. -372.]",72,-372
"206",6,"Sort1","M07hap_c","[-643.  224.]",-643,224
"206",6,"Sort1","M07hap_o","[-643.   75.]",-643,75
"206",6,"Sort1","M07sad_c","[ 644.   75.]",644,75
"206",6,"Sort1","M07disg_c","[ 358.  224.]",358,224
"206",6,"Sort1","M07ang_c","[ 358.  373.]",358,373
"206",6,"Sort1","M07fear_c","[ 215. -372.]",215,-372
"206",6,"Sort1","M07exc_c","[-357. -372.]",-357,-372
"206",6,"Sort1","M07surp_c","[-357. -223.]",-357,-223
"206",6,"Sort1","M07disg_o","[ 501. -223.]",501,-223
"206",6,"Sort1","M07ang_o","[ 501.  -74.]",501,-74
"206",6,"Sort1","M07surp_o","[-643.  -74.]",-643,-74
"206",6,"Sort1","M07neut_o","[ 215.  -74.]",215,-74
"206",6,"Sort1","M07sad_o","[ 644.  224.]",644,224
"206",6,"Sort1","M07exc_o","[ -71.  224.]",-71,224
"206",6,"Sort2","F14surp_c","[  72.  224.]",72,224
"206",6,"Sort2","F15hap_c","[-500. -223.]",-500,-223
"206",6,"Sort2","M14neut_o","[ 215.  373.]",215,373
"206",6,"Sort2","F13exc_o","[-500.   75.]",-500,75
"206",6,"Sort2","M05exc_c","[-357. -223.]",-357,-223
"206",6,"Sort2","M04disg_c","[ 501. -372.]",501,-372
"206",6,"Sort2","F22sad_c","[ 501.  -74.]",501,-74
"206",6,"Sort2","F07neut_c","[ 644.  373.]",644,373
"206",6,"Sort2","F17calm_o","[-500.  224.]",-500,224
"206",6,"Sort2","M02ang_c","[ 644.  -74.]",644,-74
"206",6,"Sort2","F10disg_o","[ 644. -372.]",644,-372
"206",6,"Sort2","M08fear_o","[  72.  373.]",72,373
"206",6,"Sort2","M12hap_o","[-643.   75.]",-643,75
"206",6,"Sort2","F04ang_o","[ 358. -372.]",358,-372
"206",6,"Sort2","M15surp_o","[ 215.  224.]",215,224
"206",6,"Sort2","F01fear_c","[ 501.  373.]",501,373
"206",6,"Sort2","M17sad_o","[ 358.  -74.]",358,-74
"206",6,"Sort2","M03calm_c","[ 644.  224.]",644,224
"207",7,"Practice","bird","[-71.  75.]",-71,75
"207",7,"Practice","squirrel","[ 72.  75.]",72,75
"207",7,"Practice","car","[-214. -223.]",-214,-223
"207",7,"Practice","bus","[-357. -372.]",-357,-372
"207",7,"Practice","table","[ 501.  224.]",501,224
"207",7,"Sort1","M07hap_c","[-500.  224.]",-500,224
"207",7,"Sort1","M07exc_o","[ 644.  373.]",644,373
"207",7,"Sort1","M07disg_o","[ 501.  -74.]",501,-74
"207",7,"Sort1","M07ang_c","[ 358.  -74.]",358,-74
"207",7,"Sort1","M07exc_c","[-643.   75.]",-643,75
"207",7,"Sort1","M07calm_c","[-214. -223.]",-214,-223
"207",7,"Sort1","M07sad_o","[  72.  373.]",72,373
"207",7,"Sort1","M07calm_o","[ 644.  224.]",644,224
"207",7,"Sort1","M07surp_o","[-643.  224.]",-643,224
"207",7,"Sort1","M07sad_c","[ -71.  373.]",-71,373
"207",7,"Sort1","M07fear_c","[ 501.  373.]",501,373
"207",7,"Sort1","M07ang_o","[ 358. -223.]",358,-223
"207",7,"Sort1","M07hap_o","[-500.   75.]",-500,75
"207",7,"Sort1","M07neut_o","[ -71. -372.]",-71,-372
"207",7,"Sort1","M07neut_c","[-214. -372.]",-214,-372
"207",7,"Sort1","M07fear_o","[ -71.  224.]",-71,224
"207",7,"Sort1","M07disg_c","[-643. -372.]",-643,-372
"207",7,"Sort1","M07surp_c","[ -71. -223.]",-71,-223
"207",7,"Sort2","M05exc_c","[ -71.  373.]",-71,373
"207",7,"Sort2","M03calm_c","[ -71.  224.]",-71,224
"207",7,"Sort2","M12hap_o","[-357. -223.]",-357,-223
"207",7,"Sort2","F17calm_o","[  72.  224.]",72,224
"207",7,"Sort2","F10disg_o","[ 501. -223.]",501,-223
"207",7,"Sort2","F15hap_c","[-214. -223.]",-214,-223
"207",7,"Sort2","M17sad_o","[ 501.   75.]",501,75
"207",7,"Sort2","M14neut_o","[ 501.  224.]",501,224
"207",7,"Sort2","M15surp_o","[-643.  224.]",-643,224
"207",7,"Sort2","F22sad_c","[-643. -223.]",-643,-223
"207",7,"Sort2","M02ang_c","[-643.  -74.]",-643,-74
"207",7,"Sort2","F04ang_o","[ 644. -223.]",644,-223
"207",7,"Sort2","M04disg_c","[ 644. -372.]",644,-372
"207",7,"Sort2","F01fear_c","[ 72. -74.]",72,-74
"207",7,"Sort2","F14surp_c","[-500.  224.]",-500,224
"207",7,"Sort2","F13exc_o","[-214. -372.]",-214,-372
"207",7,"Sort2","F07neut_c","[-71. -74.]",-71,-74
"207",7,"Sort2","M08fear_o","[ 358.   75.]",358,75
"208",8,"Practice","bird","[-357.  -74.]",-357,-74
"208",8,"Practice","car","[ 215. -223.]",215,-223
"208",8,"Practice","bus","[ 358.  -74.]",358,-74
"208",8,"Practice","squirrel","[-357. -223.]",-357,-223
"208",8,"Practice","table","[ -71.  224.]",-71,224
"208",8,"Sort1","M07surp_c","[ 358.   75.]",358,75
"208",8,"Sort1","M07exc_o","[-214.  224.]",-214,224
"208",8,"Sort1","M07calm_o","[ 501.  -74.]",501,-74
"208",8,"Sort1","M07ang_o","[-500.  -74.]",-500,-74
"208",8,"Sort1","M07disg_o","[-357.  -74.]",-357,-74
"208",8,"Sort1","M07sad_o","[ -71. -223.]",-71,-223
"208",8,"Sort1","M07neut_o","[  72. -223.]",72,-223
"208",8,"Sort1","M07exc_c","[ 644.  -74.]",644,-74
"208",8,"Sort1","M07fear_c","[ -71.  224.]",-71,224
"208",8,"Sort1","M07ang_c","[-500. -223.]",-500,-223
"208",8,"Sort1","M07hap_c","[ 501.   75.]",501,75
"208",8,"Sort1","M07sad_c","[ -71. -372.]",-71,-372
"208",8,"Sort1","M07surp_o","[ 358.  -74.]",358,-74
"208",8,"Sort1","M07neut_c","[ 215.  224.]",215,224
"208",8,"Sort1","M07fear_o","[  72.  224.]",72,224
"208",8,"Sort1","M07disg_c","[-357. -223.]",-357,-223
"208",8,"Sort1","M07calm_c","[ 644.   75.]",644,75
"208",8,"Sort1","M07hap_o","[ 501. -223.]",501,-223
"208",8,"Sort2","M08fear_o","[ 215.   75.]",215,75
"208",8,"Sort2","M03calm_c","[-500.  224.]",-500,224
"208",8,"Sort2","M14neut_o","[ -71. -223.]",-71,-223
"208",8,"Sort2","F04ang_o","[  72. -223.]",72,-223
"208",8,"Sort2","M12hap_o","[-357.   75.]",-357,75
"208",8,"Sort2","M17sad_o","[-357. -223.]",-357,-223
"208",8,"Sort2","F01fear_c","[-500. -372.]",-500,-372
"208",8,"Sort2","F10disg_o","[ 215. -223.]",215,-223
"208",8,"Sort2","M02ang_c","[-500. -223.]",-500,-223
"208",8,"Sort2","F17calm_o","[-357.  224.]",-357,224
"208",8,"Sort2","M05exc_c","[-214.  224.]",-214,224
"208",8,"Sort2","F22sad_c","[-357. -372.]",-357,-372
"208",8,"Sort2","M15surp_o","[ 358.   75.]",358,75
"208",8,"Sort2","F14surp_c","[ 501.   75.]",501,75
"208",8,"Sort2","F13exc_o","[-214.   75.]",-214,75
"208",8,"Sort2","F07neut_c","[ 72. -74.]",72,-74
"208",8,"Sort2","F15hap_c","[-500.   75.]",-500,75
"208",8,"Sort2","M04disg_c","[-214. -223.]",-214,-223
"209",9,"Practice","car","[-214.   75.]",-214,75
"209",9,"Practice","squirrel","[ 215.   75.]",215,75
"209",9,"Practice","bus","[-214.  -74.]",-214,-74
"209",9,"Practice","table","[  72. -372.]",72,-372
"209",9,"Practice","bird","[ 215.  224.]",215,224
"209",9,"Sort1","M07neut_c","[-357.   75.]",-357,75
"209",9,"Sort1","M07surp_o","[ 501.   75.]",501,75
"209",9,"Sort1","M07neut_o","[-357.  -74.]",-357,-74
"209",9,"Sort1","M07fear_c","[  72.  373.]",72,373
"209",9,"Sort1","M07exc_o","[  72.  224.]",72,224
"209",9,"Sort1","M07hap_o","[ 501.  224.]",501,224
"209",9,"Sort1","M07hap_c","[ 501.  -74.]",501,-74
"209",9,"Sort1","M07sad_c","[-643.  373.]",-643,373
"209",9,"Sort1","M07calm_o","[ 501. -223.]",501,-223
"209",9,"Sort1","M07surp_c","[ 72.  75.]",72,75
"209",9,"Sort1","M07sad_o","[-643.  224.]",-643,224
"209",9,"Sort1","M07fear_o","[ 72. -74.]",72,-74
"209",9,"Sort1","M07calm_c","[ 501. -372.]",501,-372
"209",9,"Sort1","M07ang_o","[-214.  224.]",-214,224
"209",9,"Sort1","M07exc_c","[ 501.  373.]",501,373
"209",9,"Sort1","M07disg_c","[-214.   75.]",-214,75
"209",9,"Sort1","M07ang_c","[-214.  -74.]",-214,-74
"209",9,"Sort1","M07disg_o","[  72. -223.]",72,-223
"209",9,"Sort2","F14surp_c","[-500.  224.]",-500,224
"209",9,"Sort2","M15surp_o","[-500.   75.]",-500,75
"209",9,"Sort2","F01fear_c","[-214.  224.]",-214,224
"209",9,"Sort2","M02ang_c","[  72.  224.]",72,224
"209",9,"Sort2","M03calm_c","[ 501.  373.]",501,373
"209",9,"Sort2","M04disg_c","[-357. -223.]",-357,-223
"209",9,"Sort2","M05exc_c","[ 501.   75.]",501,75
"209",9,"Sort2","F22sad_c","[ 72. -74.]",72,-74
"209",9,"Sort2","M14neut_o","[-214.   75.]",-214,75
"209",9,"Sort2","M08fear_o","[-500.  -74.]",-500,-74
"209",9,"Sort2","M17sad_o","[  72. -223.]",72,-223
"209",9,"Sort2","F13exc_o","[ 501.  -74.]",501,-74
"209",9,"Sort2","F15hap_c","[ 501.  224.]",501,224
"209",9,"Sort2","F04ang_o","[  72. -372.]",72,-372
"209",9,"Sort2","F10disg_o","[-500. -223.]",-500,-223
"209",9,"Sort2","F07neut_c","[ 72.  75.]",72,75
"209",9,"Sort2","F17calm_o","[ 501. -223.]",501,-223
"209",9,"Sort2","M12hap_o","[ 501. -372.]",501,-372
"210",10,"Practice","car","[-214.   75.]",-214,75
"210",10,"Practice","bus","[-71. -74.]",-71,-74
"210",10,"Practice","squirrel","[ 215.  224.]",215,224
"210",10,"Practice","table","[ 358. -372.]",358,-372
"210",10,"Practice","bird","[ 72.  75.]",72,75
"210",10,"Sort1","M07disg_o","[-214.  373.]",-214,373
"210",10,"Sort1","M07hap_o","[ 72.  75.]",72,75
"210",10,"Sort1","M07sad_o","[-357.  -74.]",-357,-74
"210",10,"Sort1","M07exc_o","[ 215.   75.]",215,75
"210",10,"Sort1","M07ang_o","[-214.  -74.]",-214,-74
"210",10,"Sort1","M07hap_c","[ 215. -223.]",215,-223
"210",10,"Sort1","M07ang_c","[-214. -223.]",-214,-223
"210",10,"Sort1","M07exc_c","[ 72. -74.]",72,-74
"210",10,"Sort1","M07disg_c","[-214.  224.]",-214,224
"210",10,"Sort1","M07surp_c","[ 215.  224.]",215,224
"210",10,"Sort1","M07neut_c","[-357.   75.]",-357,75
"210",10,"Sort1","M07calm_c","[ 215.  -74.]",215,-74
"210",10,"Sort1","M07fear_c","[-71. -74.]",-71,-74
"210",10,"Sort1","M07sad_c","[-357. -223.]",-357,-223
"210",10,"Sort1","M07surp_o","[  72.  224.]",72,224
"210",10,"Sort1","M07calm_o","[-71.  75.]",-71,75
"210",10,"Sort1","M07neut_o","[ -71. -223.]",-71,-223
"210",10,"Sort1","M07fear_o","[-500.  -74.]",-500,-74
"210",10,"Sort2","M12hap_o","[-214.   75.]",-214,75
"210",10,"Sort2","M04disg_c","[ 215.   75.]",215,75
"210",10,"Sort2","M17sad_o","[  72.  224.]",72,224
"210",10,"Sort2","M03calm_c","[-71.  75.]",-71,75
"210",10,"Sort2","F04ang_o","[ 215.  224.]",215,224
"210",10,"Sort2","M05exc_c","[-214.  -74.]",-214,-74
"210",10,"Sort2","F17calm_o","[-214. -223.]",-214,-223
"210",10,"Sort2","F10disg_o","[ 215.  -74.]",215,-74
"210",10,"Sort2","F07neut_c","[-71. -74.]",-71,-74
"210",10,"Sort2","M08fear_o","[ 72.  75.]",72,75
"210",10,"Sort2","F14surp_c","[ 358.  224.]",358,224
"210",10,"Sort2","F15hap_c","[-214.  224.]",-214,224
"210",10,"Sort2","M02ang_c","[ 72. -74.]",72,-74
"210",10,"Sort2","F22sad_c","[  72. -223.]",72,-223
"210",10,"Sort2","M15surp_o","[ 358.   75.]",358,75
"210",10,"Sort2","M14neut_o","[ -71.  224.]",-71,224
"210",10,"Sort2","F01fear_c","[-500.  224.]",-500,224
"210",10,"Sort2","F13exc_o","[-214. -372.]",-214,-372
"211",11,"Practice","table","[-71.  75.]",-71,75
"211",11,"Practice","bus","[ 215. -223.]",215,-223
"211",11,"Practice","squirrel","[-357. -223.]",-357,-223
"211",11,"Practice","car","[  72. -223.]",72,-223
"211",11,"Practice","bird","[-500.  -74.]",-500,-74
"211",11,"Sort1","M07surp_o","[ 215.  224.]",215,224
"211",11,"Sort1","M07neut_c","[-500.  -74.]",-500,-74
"211",11,"Sort1","M07fear_o","[ -71. -223.]",-71,-223
"211",11,"Sort1","M07calm_c","[ 501.  224.]",501,224
"211",11,"Sort1","M07hap_o","[ 215.  373.]",215,373
"211",11,"Sort1","M07fear_c","[-500. -372.]",-500,-372
"211",11,"Sort1","M07sad_c","[  72. -223.]",72,-223
"211",11,"Sort1","M07ang_o","[-500.  224.]",-500,224
"211",11,"Sort1","M07exc_c","[ 358.  373.]",358,373
"211",11,"Sort1","M07hap_c","[ 358.  224.]",358,224
"211",11,"Sort1","M07surp_c","[-643. -372.]",-643,-372
"211",11,"Sort1","M07disg_c","[-357.  373.]",-357,373
"211",11,"Sort1","M07sad_o","[ -71. -372.]",-71,-372
"211",11,"Sort1","M07neut_o","[-71. -74.]",-71,-74
"211",11,"Sort1","M07ang_c","[-500.  373.]",-500,373
"211",11,"Sort1","M07exc_o","[ 72. -74.]",72,-74
"211",11,"Sort1","M07calm_o","[ 501.  373.]",501,373
"211",11,"Sort1","M07disg_o","[-357.  224.]",-357,224
"211",11,"Sort2","M15surp_o","[ 358.  224.]",358,224
"211",11,"Sort2","F14surp_c","[ 358.  -74.]",358,-74
"211",11,"Sort2","F13exc_o","[ -71.  224.]",-71,224
"211",11,"Sort2","F15hap_c","[-214.  -74.]",-214,-74
"211",11,"Sort2","M04disg_c","[  72. -372.]",72,-372
"211",11,"Sort2","M02ang_c","[ 215. -372.]",215,-372
"211",11,"Sort2","F22sad_c","[ 358. -372.]",358,-372
"211",11,"Sort2","F04ang_o","[ -71. -372.]",-71,-372
"211",11,"Sort2","F10disg_o","[-214. -372.]",-214,-372
"211",11,"Sort2","M05exc_c","[-357.   75.]",-357,75
"211",11,"Sort2","M08fear_o","[ 501.  -74.]",501,-74
"211",11,"Sort2","F07neut_c","[ 501. -372.]",501,-372
"211",11,"Sort2","M17sad_o","[ 358.  373.]",358,373
"211",11,"Sort2","F01fear_c","[ 215.  -74.]",215,-74
"211",11,"Sort2","F17calm_o","[-357.  -74.]",-357,-74
"211",11,"Sort2","M03calm_c","[-71.  75.]",-71,75
"211",11,"Sort2","M14neut_o","[ 215.  373.]",215,373
"211",11,"Sort2","M12hap_o","[-214.   75.]",-214,75
"212",12,"Practice","squirrel","[ 501.  224.]",501,224
"212",12,"Practice","bus","[-357.  -74.]",-357,-74
"212",12,"Practice","table","[ 215. -372.]",215,-372
"212",12,"Practice","car","[-214.   75.]",-214,75
"212",12,"Practice","bird","[ 215.  -74.]",215,-74
"212",12,"Sort1","M07neut_c","[ -71.  373.]",-71,373
"212",12,"Sort1","M07calm_c","[ 358. -372.]",358,-372
"212",12,"Sort1","M07calm_o","[ 72. -74.]",72,-74
"212",12,"Sort1","M07hap_c","[ 215. -223.]",215,-223
"212",12,"Sort1","M07exc_o","[-357.  -74.]",-357,-74
"212",12,"Sort1","M07sad_o","[-357.  224.]",-357,224
"212",12,"Sort1","M07neut_o","[-357.   75.]",-357,75
"212",12,"Sort1","M07exc_c","[  72. -223.]",72,-223
"212",12,"Sort1","M07surp_c","[ 215. -372.]",215,-372
"212",12,"Sort1","M07ang_c","[-357.  373.]",-357,373
"212",12,"Sort1","M07fear_c","[-214.  -74.]",-214,-74
"212",12,"Sort1","M07surp_o","[ 215.   75.]",215,75
"212",12,"Sort1","M07hap_o","[ 72.  75.]",72,75
"212",12,"Sort1","M07ang_o","[-214.  373.]",-214,373
"212",12,"Sort1","M07disg_c","[-214.  224.]",-214,224
"212",12,"Sort1","M07fear_o","[-214.   75.]",-214,75
"212",12,"Sort1","M07sad_c","[-214. -372.]",-214,-372
"212",12,"Sort1","M07disg_o","[ -71.  224.]",-71,224
"212",12,"Sort2","F14surp_c","[-643. -223.]",-643,-223
"212",12,"Sort2","F15hap_c","[ 501. -223.]",501,-223
"212",12,"Sort2","M14neut_o","[ 501.   75.]",501,75
"212",12,"Sort2","M05exc_c","[ 358. -223.]",358,-223
"212",12,"Sort2","M03calm_c","[ 358.   75.]",358,75
"212",12,"Sort2","M17sad_o","[ 501.  224.]",501,224
"212",12,"Sort2","F01fear_c","[ 358.  224.]",358,224
"212",12,"Sort2","F10disg_o","[-643.  224.]",-643,224
"212",12,"Sort2","M08fear_o","[-500. -223.]",-500,-223
"212",12,"Sort2","F17calm_o","[ 215. -223.]",215,-223
"212",12,"Sort2","M02ang_c","[-500.  224.]",-500,224
"212",12,"Sort2","M15surp_o","[-357. -223.]",-357,-223
"212",12,"Sort2","M04disg_c","[-357.  224.]",-357,224
"212",12,"Sort2","F04ang_o","[-214.  224.]",-214,224
"212",12,"Sort2","F07neut_c","[ 501.  373.]",501,373
"212",12,"Sort2","F13exc_o","[ 501. -372.]",501,-372
"212",12,"Sort2","F22sad_c","[ 358.  373.]",358,373
"212",12,"Sort2","M12hap_o","[ 358. -372.]",358,-372
"213",13,"Practice","bus","[-71.  75.]",-71,75
"213",13,"Practice","car","[-71. -74.]",-71,-74
"213",13,"Practice","squirrel","[-357. -372.]",-357,-372
"213",13,"Practice","bird","[-500.  -74.]",-500,-74
"213",13,"Practice","table","[ 358.  -74.]",358,-74
"213",13,"Sort1","M07calm_o","[-214.   75.]",-214,75
"213",13,"Sort1","M07ang_o","[ 358. -223.]",358,-223
"213",13,"Sort1","M07surp_c","[-214.  -74.]",-214,-74
"213",13,"Sort1","M07surp_o","[ -71.  373.]",-71,373
"213",13,"Sort1","M07hap_c","[ -71.  224.]",-71,224
"213",13,"Sort1","M07ang_c","[ 215. -223.]",215,-223
"213",13,"Sort1","M07disg_o","[ 215.  -74.]",215,-74
"213",13,"Sort1","M07fear_c","[ 72.  75.]",72,75
"213",13,"Sort1","M07calm_c","[-71.  75.]",-71,75
"213",13,"Sort1","M07neut_o","[ 72. -74.]",72,-74
"213",13,"Sort1","M07exc_o","[-214. -223.]",-214,-223
"213",13,"Sort1","M07neut_c","[ 215.   75.]",215,75
"213",13,"Sort1","M07sad_o","[  72. -223.]",72,-223
"213",13,"Sort1","M07disg_c","[ 358.  -74.]",358,-74
"213",13,"Sort1","M07exc_c","[-214.  224.]",-214,224
"213",13,"Sort1","M07fear_o","[ -71. -223.]",-71,-223
"213",13,"Sort1","M07sad_c","[ 358.   75.]",358,75
"213",13,"Sort1","M07hap_o","[-357.   75.]",-357,75
"213",13,"Sort2","M14neut_o","[-71.  75.]",-71,75
"213",13,"Sort2","F04ang_o","[ 358.  224.]",358,224
"213",13,"Sort2","M08fear_o","[ 215. -223.]",215,-223
"213",13,"Sort2","M15surp_o","[ 358. -223.]",358,-223
"213",13,"Sort2","M05exc_c","[-357.  224.]",-357,224
"213",13,"Sort2","F17calm_o","[-214.  373.]",-214,373
"213",13,"Sort2","M12hap_o","[-500.  224.]",-500,224
"213",13,"Sort2","M02ang_c","[ 215.  224.]",215,224
"213",13,"Sort2","F15hap_c","[-357.  373.]",-357,373
"213",13,"Sort2","F01fear_c","[ 72.  75.]",72,75
"213",13,"Sort2","M03calm_c","[-214.  224.]",-214,224
"213",13,"Sort2","F14surp_c","[ 72. -74.]",72,-74
"213",13,"Sort2","M17sad_o","[-214. -223.]",-214,-223
"213",13,"Sort2","F07neut_c","[-214.   75.]",-214,75
"213",13,"Sort2","F10disg_o","[ 358.  373.]",358,373
"213",13,"Sort2","F13exc_o","[-500.  373.]",-500,373
"213",13,"Sort2","F22sad_c","[  72.  224.]",72,224
"213",13,"Sort2","M04disg_c","[ 215.  373.]",215,373
"214",14,"Practice","car","[ 215.  224.]",215,224
"214",14,"Practice","squirrel","[-357.  224.]",-357,224
"214",14,"Practice","table","[  72. -223.]",72,-223
"214",14,"Practice","bird","[-357.   75.]",-357,75
"214",14,"Practice","bus","[ 358.  224.]",358,224
"214",14,"Sort1","M07disg_c","[ 501.  373.]",501,373
"214",14,"Sort1","M07calm_c","[-643.  373.]",-643,373
"214",14,"Sort1","M07hap_o","[-643. -372.]",-643,-372
"214",14,"Sort1","M07hap_c","[-643. -223.]",-643,-223
"214",14,"Sort1","M07fear_c","[ 644. -372.]",644,-372
"214",14,"Sort1","M07ang_o","[ 644.  373.]",644,373
"214",14,"Sort1","M07surp_c","[ 501. -372.]",501,-372
"214",14,"Sort1","M07calm_o","[-500. -372.]",-500,-372
"214",14,"Sort1","M07ang_c","[ 501.  224.]",501,224
"214",14,"Sort1","M07exc_c","[-500. -223.]",-500,-223
"214",14,"Sort1","M07neut_o","[-357.  373.]",-357,373
"214",14,"Sort1","M07disg_o","[ 358.  373.]",358,373
"214",14,"Sort1","M07sad_o","[ 644.  224.]",644,224
"214",14,"Sort1","M07surp_o","[-357. -223.]",-357,-223
"214",14,"Sort1","M07exc_o","[ 358. -223.]",358,-223
"214",14,"Sort1","M07fear_o","[ 358. -372.]",358,-372
"214",14,"Sort1","M07sad_c","[ 358.  224.]",358,224
"214",14,"Sort1","M07neut_c","[-500.  373.]",-500,373
"214",14,"Sort2","F07neut_c","[ 72. -74.]",72,-74
"214",14,"Sort2","F15hap_c","[-643.  373.]",-643,373
"214",14,"Sort2","M04disg_c","[ 644.  373.]",644,373
"214",14,"Sort2","M05exc_c","[-643.  224.]",-643,224
"214",14,"Sort2","M02ang_c","[ 501.  373.]",501,373
"214",14,"Sort2","F04ang_o","[ 644.   75.]",644,75
"214",14,"Sort2","M08fear_o","[-643. -372.]",-643,-372
"214",14,"Sort2","M14neut_o","[ 644. -372.]",644,-372
"214",14,"Sort2","F17calm_o","[-500.  373.]",-500,373
"214",14,"Sort2","F10disg_o","[ 501.   75.]",501,75
"214",14,"Sort2","F01fear_c","[-500. -372.]",-500,-372
"214",14,"Sort2","M12hap_o","[-500.  224.]",-500,224
"214",14,"Sort2","M17sad_o","[-643. -223.]",-643,-223
"214",14,"Sort2","M15surp_o","[ 501. -372.]",501,-372
"214",14,"Sort2","M03calm_c","[-71. -74.]",-71,-74
"214",14,"Sort2","F13exc_o","[-357.  373.]",-357,373
"214",14,"Sort2","F22sad_c","[ 358.  373.]",358,373
"214",14,"Sort2","F14surp_c","[ 358. -372.]",358,-372
"215",15,"Practice","table","[-71.  75.]",-71,75
"215",15,"Practice","squirrel","[ 358.  224.]",358,224
"215",15,"Practice","bird","[ 358.   75.]",358,75
"215",15,"Practice","bus","[-357.  -74.]",-357,-74
"215",15,"Practice","car","[-357.   75.]",-357,75
"215",15,"Sort1","M07ang_c","[-500.  -74.]",-500,-74
"215",15,"Sort1","M07surp_o","[ 358.   75.]",358,75
"215",15,"Sort1","M07exc_c","[ 358.  -74.]",358,-74
"215",15,"Sort1","M07surp_c","[ 72. -74.]",72,-74
"215",15,"Sort1","M07hap_c","[ 215.   75.]",215,75
"215",15,"Sort1","M07hap_o","[ 215.  -74.]",215,-74
"215",15,"Sort1","M07exc_o","[ -71.  224.]",-71,224
"215",15,"Sort1","M07neut_c","[-357.  -74.]",-357,-74
"215",15,"Sort1","M07calm_o","[-214.  -74.]",-214,-74
"215",15,"Sort1","M07disg_o","[-214.  224.]",-214,224
"215",15,"Sort1","M07neut_o","[-357. -223.]",-357,-223
"215",15,"Sort1","M07fear_o","[  72.  373.]",72,373
"215",15,"Sort1","M07calm_c","[-71.  75.]",-71,75
"215",15,"Sort1","M07sad_o","[-214. -223.]",-214,-223
"215",15,"Sort1","M07disg_c","[-214. -372.]",-214,-372
"215",15,"Sort1","M07sad_c","[ -71. -372.]",-71,-372
"215",15,"Sort1","M07ang_o","[-500. -223.]",-500,-223
"215",15,"Sort1","M07fear_c","[-71. -74.]",-71,-74
"215",15,"Sort2","F17calm_o","[-71.  75.]",-71,75
"215",15,"Sort2","M15surp_o","[ 358.  224.]",358,224
"215",15,"Sort2","F10disg_o","[-357.  -74.]",-357,-74
"215",15,"Sort2","M08fear_o","[ 358. -223.]",358,-223
"215",15,"Sort2","M05exc_c","[-71. -74.]",-71,-74
"215",15,"Sort2","M04disg_c","[-357.   75.]",-357,75
"215",15,"Sort2","M03calm_c","[ 501. -223.]",501,-223
"215",15,"Sort2","F14surp_c","[ 358.   75.]",358,75
"215",15,"Sort2","M14neut_o","[ 644. -223.]",644,-223
"215",15,"Sort2","M12hap_o","[ -71.  224.]",-71,224
"215",15,"Sort2","F01fear_c","[ 215.  224.]",215,224
"215",15,"Sort2","F13exc_o","[ 72.  75.]",72,75
"215",15,"Sort2","F15hap_c","[  72. -223.]",72,-223
"215",15,"Sort2","M17sad_o","[-500.   75.]",-500,75
"215",15,"Sort2","F07neut_c","[ 72. -74.]",72,-74
"215",15,"Sort2","F22sad_c","[-500.  -74.]",-500,-74
"215",15,"Sort2","F04ang_o","[-357. -223.]",-357,-223
"215",15,"Sort2","M02ang_c","[-643.   75.]",-643,75
"216",16,"Practice","bird","[-71. -74.]",-71,-74
"216",16,"Practice","bus","[ 358.  224.]",358,224
"216",16,"Practice","squirrel","[ 72. -74.]",72,-74
"216",16,"Practice","car","[ 501.  224.]",501,224
"216",16,"Practice","table","[-500.  224.]",-500,224
"216",16,"Sort1","M07sad_o","[-71.  75.]",-71,75
"216",16,"Sort1","M07fear_o","[-214.  -74.]",-214,-74
"216",16,"Sort1","M07neut_o","[-214.   75.]",-214,75
"216",16,"Sort1","M07sad_c","[  72.  224.]",72,224
"216",16,"Sort1","M07neut_c","[-357.   75.]",-357,75
"216",16,"Sort1","M07hap_o","[-643. -372.]",-643,-372
"216",16,"Sort1","M07calm_o","[-500. -372.]",-500,-372
"216",16,"Sort1","M07exc_c","[-500. -223.]",-500,-223
"216",16,"Sort1","M07disg_c","[ 215.  224.]",215,224
"216",16,"Sort1","M07ang_o","[ 215.   75.]",215,75
"216",16,"Sort1","M07exc_o","[-357. -223.]",-357,-223
"216",16,"Sort1","M07surp_o","[-357. -372.]",-357,-372
"216",16,"Sort1","M07calm_c","[-357.  -74.]",-357,-74
"216",16,"Sort1","M07surp_c","[-214. -223.]",-214,-223
"216",16,"Sort1","M07hap_c","[-643. -223.]",-643,-223
"216",16,"Sort1","M07fear_c","[-71. -74.]",-71,-74
"216",16,"Sort1","M07disg_o","[ 72.  75.]",72,75
"216",16,"Sort1","M07ang_c","[ 358.   75.]",358,75
"216",16,"Sort2","M17sad_o","[-71. -74.]",-71,-74
"216",16,"Sort2","F13exc_o","[ 358.  224.]",358,224
"216",16,"Sort2","F01fear_c","[ 72.  75.]",72,75
"216",16,"Sort2","F22sad_c","[ 72. -74.]",72,-74
"216",16,"Sort2","F14surp_c","[  72.  224.]",72,224
"216",16,"Sort2","M04disg_c","[-214. -223.]",-214,-223
"216",16,"Sort2","M14neut_o","[-71.  75.]",-71,75
"216",16,"Sort2","F10disg_o","[-357. -223.]",-357,-223
"216",16,"Sort2","F07neut_c","[ 215.   75.]",215,75
"216",16,"Sort2","F04ang_o","[-357. -372.]",-357,-372
"216",16,"Sort2","M03calm_c","[ 215.  224.]",215,224
"216",16,"Sort2","M15surp_o","[ 215.  -74.]",215,-74
"216",16,"Sort2","F15hap_c","[ 358.   75.]",358,75
"216",16,"Sort2","M08fear_o","[-214.  -74.]",-214,-74
"216",16,"Sort2","M05exc_c","[ 501.  224.]",501,224
"216",16,"Sort2","M02ang_c","[ -71. -223.]",-71,-223
"216",16,"Sort2","M12hap_o","[ 501.   75.]",501,75
"216",16,"Sort2","F17calm_o","[ 501.  -74.]",501,-74
"217",17,"Practice","table","[-500.  224.]",-500,224
"217",17,"Practice","bus","[-71.  75.]",-71,75
"217",17,"Practice","car","[ 72.  75.]",72,75
"217",17,"Practice","squirrel","[ 501. -223.]",501,-223
"217",17,"Practice","bird","[ 358.  -74.]",358,-74
"217",17,"Sort1","M07exc_o","[-643.  373.]",-643,373
"217",17,"Sort1","M07exc_c","[  72.  373.]",72,373
"217",17,"Sort1","M07disg_c","[ 358. -223.]",358,-223
"217",17,"Sort1","M07sad_c","[ -71. -223.]",-71,-223
"217",17,"Sort1","M07ang_c","[ 215. -223.]",215,-223
"217",17,"Sort1","M07disg_o","[-500.  -74.]",-500,-74
"217",17,"Sort1","M07calm_c","[-214.  373.]",-214,373
"217",17,"Sort1","M07surp_c","[-500.  373.]",-500,373
"217",17,"Sort1","M07surp_o","[  72.  224.]",72,224
"217",17,"Sort1","M07ang_o","[-357.  -74.]",-357,-74
"217",17,"Sort1","M07neut_c","[-357.  373.]",-357,373
"217",17,"Sort1","M07neut_o","[-357.  224.]",-357,224
"217",17,"Sort1","M07fear_c","[-500. -372.]",-500,-372
"217",17,"Sort1","M07fear_o","[-357. -372.]",-357,-372
"217",17,"Sort1","M07hap_o","[ 215.  224.]",215,224
"217",17,"Sort1","M07hap_c","[ 215.  373.]",215,373
"217",17,"Sort1","M07sad_o","[  72. -223.]",72,-223
"217",17,"Sort1","M07calm_o","[ -71.  373.]",-71,373
"417",17,"Sort2","M03calm_c","[ -71.  373.]",-71,373
"417",17,"Sort2","F10disg_o","[ 358.  -74.]",358,-74
"417",17,"Sort2","F07neut_c","[-214.  373.]",-214,373
"417",17,"Sort2","F22sad_c","[-357.  -74.]",-357,-74
"417",17,"Sort2","F17calm_o","[  72.  373.]",72,373
"417",17,"Sort2","M12hap_o","[ 215.  373.]",215,373
"417",17,"Sort2","F15hap_c","[ 358.  373.]",358,373
"417",17,"Sort2","M08fear_o","[-214.  -74.]",-214,-74
"417",17,"Sort2","M15surp_o","[-71. -74.]",-71,-74
"417",17,"Sort2","F04ang_o","[ 501.  -74.]",501,-74
"417",17,"Sort2","F14surp_c","[ 72. -74.]",72,-74
"417",17,"Sort2","F01fear_c","[-500.  -74.]",-500,-74
"417",17,"Sort2","M02ang_c","[ 644.  -74.]",644,-74
"417",17,"Sort2","F13exc_o","[ 501.  373.]",501,373
"417",17,"Sort2","M04disg_c","[ 644. -223.]",644,-223
"417",17,"Sort2","M05exc_c","[ 644.  373.]",644,373
"417",17,"Sort2","M17sad_o","[-357. -223.]",-357,-223
"417",17,"Sort2","M14neut_o","[-357.  373.]",-357,373
"218",18,"Practice","squirrel","[-500.  224.]",-500,224
"218",18,"Practice","car","[-500. -223.]",-500,-223
"218",18,"Practice","table","[  72. -223.]",72,-223
"218",18,"Practice","bird","[  72.  373.]",72,373
"218",18,"Practice","bus","[-643. -372.]",-643,-372
"218",18,"Sort1","M07neut_c","[-71. -74.]",-71,-74
"218",18,"Sort1","M07ang_o","[ 358. -372.]",358,-372
"218",18,"Sort1","M07exc_c","[-500.  373.]",-500,373
"218",18,"Sort1","M07neut_o","[ 72. -74.]",72,-74
"218",18,"Sort1","M07fear_c","[ -71. -223.]",-71,-223
"218",18,"Sort1","M07hap_o","[-500.   75.]",-500,75
"218",18,"Sort1","M07disg_o","[ 501. -372.]",501,-372
"218",18,"Sort1","M07fear_o","[ 215.   75.]",215,75
"218",18,"Sort1","M07calm_o","[-357.   75.]",-357,75
"218",18,"Sort1","M07exc_o","[-71.  75.]",-71,75
"218",18,"Sort1","M07calm_c","[-214.   75.]",-214,75
"218",18,"Sort1","M07hap_c","[-357.  224.]",-357,224
"218",18,"Sort1","M07sad_o","[ 215.  224.]",215,224
"218",18,"Sort1","M07ang_c","[  72. -372.]",72,-372
"218",18,"Sort1","M07disg_c","[ 644. -372.]",644,-372
"218",18,"Sort1","M07surp_c","[-214.  224.]",-214,224
"218",18,"Sort1","M07sad_c","[ 358.   75.]",358,75
"218",18,"Sort1","M07surp_o","[-643.   75.]",-643,75
"218",18,"Sort2","F14surp_c","[-500. -372.]",-500,-372
"218",18,"Sort2","F04ang_o","[ 501. -372.]",501,-372
"218",18,"Sort2","F10disg_o","[ 644. -372.]",644,-372
"218",18,"Sort2","F01fear_c","[-214. -223.]",-214,-223
"218",18,"Sort2","M02ang_c","[ 215. -223.]",215,-223
"218",18,"Sort2","M04disg_c","[ 358. -372.]",358,-372
"218",18,"Sort2","M12hap_o","[-357.  224.]",-357,224
"218",18,"Sort2","F13exc_o","[-643.  373.]",-643,373
"218",18,"Sort2","M14neut_o","[ 72. -74.]",72,-74
"218",18,"Sort2","M03calm_c","[-71. -74.]",-71,-74
"218",18,"Sort2","F15hap_c","[-357.   75.]",-357,75
"218",18,"Sort2","M05exc_c","[-500.  373.]",-500,373
"218",18,"Sort2","M17sad_o","[ 358.  224.]",358,224
"218",18,"Sort2","F17calm_o","[-500.   75.]",-500,75
"218",18,"Sort2","F07neut_c","[-214.   75.]",-214,75
"218",18,"Sort2","M08fear_o","[-214. -372.]",-214,-372
"218",18,"Sort2","F22sad_c","[ 215.   75.]",215,75
"218",18,"Sort2","M15surp_o","[-643. -372.]",-643,-372
"219",19,"Practice","bus","[ 358.  224.]",358,224
"219",19,"Practice","bird","[-357.   75.]",-357,75
"219",19,"Practice","table","[ 215. -223.]",215,-223
"219",19,"Practice","car","[ 215.  224.]",215,224
"219",19,"Practice","squirrel","[-500.  -74.]",-500,-74
"219",19,"Sort1","M07exc_o","[-500.  224.]",-500,224
"219",19,"Sort1","M07calm_c","[-500.  -74.]",-500,-74
"219",19,"Sort1","M07sad_c","[-357. -372.]",-357,-372
"219",19,"Sort1","M07hap_o","[ 358.  224.]",358,224
"219",19,"Sort1","M07ang_c","[ 358. -223.]",358,-223
"219",19,"Sort1","M07ang_o","[ 215. -223.]",215,-223
"219",19,"Sort1","M07fear_o","[-357.  224.]",-357,224
"219",19,"Sort1","M07hap_c","[ 644.  224.]",644,224
"219",19,"Sort1","M07calm_o","[ 501.  224.]",501,224
"219",19,"Sort1","M07disg_c","[ 501. -223.]",501,-223
"219",19,"Sort1","M07neut_c","[-214.  -74.]",-214,-74
"219",19,"Sort1","M07surp_o","[ 215.  224.]",215,224
"219",19,"Sort1","M07fear_c","[-214.  224.]",-214,224
"219",19,"Sort1","M07surp_c","[ 358.   75.]",358,75
"219",19,"Sort1","M07neut_o","[-357.  -74.]",-357,-74
"219",19,"Sort1","M07disg_o","[ 358. -372.]",358,-372
"219",19,"Sort1","M07sad_o","[-214. -372.]",-214,-372
"219",19,"Sort1","M07exc_c","[ 215.   75.]",215,75
"219",19,"Sort2","M03calm_c","[ 358.  224.]",358,224
"219",19,"Sort2","F15hap_c","[ 215.  224.]",215,224
"219",19,"Sort2","F22sad_c","[ 358.  -74.]",358,-74
"219",19,"Sort2","M04disg_c","[-500.  -74.]",-500,-74
"219",19,"Sort2","F17calm_o","[ 358.  373.]",358,373
"219",19,"Sort2","F04ang_o","[-643.  -74.]",-643,-74
"219",19,"Sort2","F13exc_o","[ 215.  373.]",215,373
"219",19,"Sort2","M05exc_c","[ 501.  224.]",501,224
"219",19,"Sort2","M14neut_o","[ 501.  -74.]",501,-74
"219",19,"Sort2","F07neut_c","[-357.  224.]",-357,224
"219",19,"Sort2","F14surp_c","[-214. -372.]",-214,-372
"219",19,"Sort2","M15surp_o","[ -71. -372.]",-71,-372
"219",19,"Sort2","M02ang_c","[-357.  -74.]",-357,-74
"219",19,"Sort2","M08fear_o","[  72. -372.]",72,-372
"219",19,"Sort2","F01fear_c","[ 215.  -74.]",215,-74
"219",19,"Sort2","M12hap_o","[ 501.  373.]",501,373
"219",19,"Sort2","M17sad_o","[-214.  -74.]",-214,-74
"219",19,"Sort2","F10disg_o","[-643. -223.]",-643,-223
"220",20,"Practice","bus","[ 72.  75.]",72,75
"220",20,"Practice","table","[-500. -223.]",-500,-223
"220",20,"Practice","squirrel","[ 358. -223.]",358,-223
"220",20,"Practice","bird","[ 501. -223.]",501,-223
"220",20,"Practice","car","[ 215.   75.]",215,75
"220",20,"Sort1","M07disg_c","[-71. -74.]",-71,-74
"220",20,"Sort1","M07fear_c","[-357. -372.]",-357,-372
"220",20,"Sort1","M07hap_o","[ 501.  224.]",501,224
"220",20,"Sort1","M07neut_o","[ 501. -223.]",501,-223
"220",20,"Sort1","M07hap_c","[ 358.  224.]",358,224
"220",20,"Sort1","M07ang_o","[ 72. -74.]",72,-74
"220",20,"Sort1","M07ang_c","[-71.  75.]",-71,75
"220",20,"Sort1","M07exc_o","[-643.   75.]",-643,75
"220",20,"Sort1","M07neut_c","[ 358. -223.]",358,-223
"220",20,"Sort1","M07surp_c","[-500.   75.]",-500,75
"220",20,"Sort1","M07calm_o","[ 501. -372.]",501,-372
"220",20,"Sort1","M07fear_o","[-500. -372.]",-500,-372
"220",20,"Sort1","M07disg_o","[-357.  373.]",-357,373
"220",20,"Sort1","M07surp_o","[ 501.  373.]",501,373
"220",20,"Sort1","M07sad_o","[-500. -223.]",-500,-223
"220",20,"Sort1","M07exc_c","[ 358.  373.]",358,373
"220",20,"Sort1","M07sad_c","[-357. -223.]",-357,-223
"220",20,"Sort1","M07calm_c","[ 358. -372.]",358,-372
"220",20,"Sort2","F07neut_c","[ 72.  75.]",72,75
"220",20,"Sort2","M02ang_c","[-500.  -74.]",-500,-74
"220",20,"Sort2","M04disg_c","[-214.  373.]",-214,373
"220",20,"Sort2","F01fear_c","[-71.  75.]",-71,75
"220",20,"Sort2","M05exc_c","[ 501.  224.]",501,224
"220",20,"Sort2","F04ang_o","[-500. -223.]",-500,-223
"220",20,"Sort2","F17calm_o","[ 72. -74.]",72,-74
"220",20,"Sort2","M03calm_c","[-71. -74.]",-71,-74
"220",20,"Sort2","F14surp_c","[ 501. -223.]",501,-223
"220",20,"Sort2","M08fear_o","[ 358. -223.]",358,-223
"220",20,"Sort2","M14neut_o","[ 501.  -74.]",501,-74
"220",20,"Sort2","F13exc_o","[ 358.  224.]",358,224
"220",20,"Sort2","M12hap_o","[ 358.  373.]",358,373
"220",20,"Sort2","M15surp_o","[ 358.  -74.]",358,-74
"220",20,"Sort2","M17sad_o","[-500.  373.]",-500,373
"220",20,"Sort2","F10disg_o","[ -71.  373.]",-71,373
"220",20,"Sort2","F22sad_c","[-643.  373.]",-643,373
"220",20,"Sort2","F15hap_c","[ 501.  373.]",501,373
"221",21,"Practice","squirrel","[ 215.  224.]",215,224
"221",21,"Practice","car","[-500. -223.]",-500,-223
"221",21,"Practice","table","[-500.  224.]",-500,224
"221",21,"Practice","bird","[ 358.  224.]",358,224
"221",21,"Practice","bus","[-357. -223.]",-357,-223
"221",21,"Sort1","M07neut_c","[ 501.  373.]",501,373
"221",21,"Sort1","M07ang_c","[-500. -372.]",-500,-372
"221",21,"Sort1","M07hap_o","[ 501. -223.]",501,-223
"221",21,"Sort1","M07calm_c","[ 644.  224.]",644,224
"221",21,"Sort1","M07exc_o","[ 644.  373.]",644,373
"221",21,"Sort1","M07sad_o","[-643. -223.]",-643,-223
"221",21,"Sort1","M07disg_o","[-500.  373.]",-500,373
"221",21,"Sort1","M07ang_o","[-643.  373.]",-643,373
"221",21,"Sort1","M07fear_c","[-500.  224.]",-500,224
"221",21,"Sort1","M07exc_c","[ 501. -372.]",501,-372
"221",21,"Sort1","M07surp_c","[ 644. -223.]",644,-223
"221",21,"Sort1","M07calm_o","[-643. -372.]",-643,-372
"221",21,"Sort1","M07hap_c","[ 644. -372.]",644,-372
"221",21,"Sort1","M07surp_o","[ 644.  -74.]",644,-74
"221",21,"Sort1","M07neut_o","[ 501.  224.]",501,224
"221",21,"Sort1","M07fear_o","[-357.  224.]",-357,224
"221",21,"Sort1","M07sad_c","[-500. -223.]",-500,-223
"221",21,"Sort1","M07disg_c","[-643.  224.]",-643,224
"221",21,"Sort2","F14surp_c","[ 501. -223.]",501,-223
"221",21,"Sort2","F17calm_o","[ 501.  373.]",501,373
"221",21,"Sort2","M04disg_c","[-643. -372.]",-643,-372
"221",21,"Sort2","F15hap_c","[ 358.  373.]",358,373
"221",21,"Sort2","M03calm_c","[-643.  373.]",-643,373
"221",21,"Sort2","M17sad_o","[-500. -372.]",-500,-372
"221",21,"Sort2","M12hap_o","[ 501.  224.]",501,224
"221",21,"Sort2","F04ang_o","[ 644. -372.]",644,-372
"221",21,"Sort2","M02ang_c","[-643. -223.]",-643,-223
"221",21,"Sort2","F10disg_o","[ 501. -372.]",501,-372
"221",21,"Sort2","M08fear_o","[-500. -223.]",-500,-223
"221",21,"Sort2","M14neut_o","[ 644. -223.]",644,-223
"221",21,"Sort2","M05exc_c","[-500.  373.]",-500,373
"221",21,"Sort2","M15surp_o","[ 358. -223.]",358,-223
"221",21,"Sort2","F01fear_c","[-500.  224.]",-500,224
"221",21,"Sort2","F13exc_o","[ 358.  224.]",358,224
"221",21,"Sort2","F22sad_c","[-643.  -74.]",-643,-74
"221",21,"Sort2","F07neut_c","[-643.  224.]",-643,224
"222",22,"Practice","bird","[ 358.  224.]",358,224
"222",22,"Practice","table","[-500.  224.]",-500,224
"222",22,"Practice","squirrel","[ 358.   75.]",358,75
"222",22,"Practice","bus","[-500. -223.]",-500,-223
"222",22,"Practice","car","[-500. -372.]",-500,-372
"222",22,"Sort1","M07hap_c","[ 501.  224.]",501,224
"222",22,"Sort1","M07exc_c","[ 501.   75.]",501,75
"222",22,"Sort1","M07surp_c","[-500.  373.]",-500,373
"222",22,"Sort1","M07ang_c","[-643. -372.]",-643,-372
"222",22,"Sort1","M07hap_o","[ 644.  -74.]",644,-74
"222",22,"Sort1","M07fear_o","[  72. -372.]",72,-372
"222",22,"Sort1","M07calm_o","[ 501.  373.]",501,373
"222",22,"Sort1","M07sad_c","[-643.  -74.]",-643,-74
"222",22,"Sort1","M07sad_o","[ 215. -372.]",215,-372
"222",22,"Sort1","M07disg_o","[ -71.  373.]",-71,373
"222",22,"Sort1","M07surp_o","[ 501.  -74.]",501,-74
"222",22,"Sort1","M07neut_o","[  72. -223.]",72,-223
"222",22,"Sort1","M07neut_c","[-500.  224.]",-500,224
"222",22,"Sort1","M07calm_c","[ 644.  373.]",644,373
"222",22,"Sort1","M07exc_o","[ -71. -372.]",-71,-372
"222",22,"Sort1","M07ang_o","[-500.  -74.]",-500,-74
"222",22,"Sort1","M07disg_c","[-643. -223.]",-643,-223
"222",22,"Sort1","M07fear_c","[-643.  224.]",-643,224
"222",22,"Sort2","M05exc_c","[ 644.  373.]",644,373
"222",22,"Sort2","F10disg_o","[-643.  373.]",-643,373
"222",22,"Sort2","M08fear_o","[-643. -372.]",-643,-372
"222",22,"Sort2","F17calm_o","[ 644.  224.]",644,224
"222",22,"Sort2","M04disg_c","[-643.   75.]",-643,75
"222",22,"Sort2","F13exc_o","[ 644.   75.]",644,75
"222",22,"Sort2","M14neut_o","[-500. -372.]",-500,-372
"222",22,"Sort2","F22sad_c","[-500.   75.]",-500,75
"222",22,"Sort2","M17sad_o","[-357.   75.]",-357,75
"222",22,"Sort2","M12hap_o","[ 644.  -74.]",644,-74
"222",22,"Sort2","M15surp_o","[-357. -372.]",-357,-372
"222",22,"Sort2","F01fear_c","[-643.  -74.]",-643,-74
"222",22,"Sort2","F14surp_c","[-214. -372.]",-214,-372
"222",22,"Sort2","F15hap_c","[ 644. -223.]",644,-223
"222",22,"Sort2","M03calm_c","[-500.  -74.]",-500,-74
"222",22,"Sort2","F04ang_o","[-500.  373.]",-500,373
"222",22,"Sort2","F07neut_c","[-357.  -74.]",-357,-74
"222",22,"Sort2","M02ang_c","[-214.   75.]",-214,75
"223",23,"Practice","table","[ 215.  224.]",215,224
"223",23,"Practice","bus","[ 215. -223.]",215,-223
"223",23,"Practice","bird","[-214.   75.]",-214,75
"223",23,"Practice","squirrel","[-357.   75.]",-357,75
"223",23,"Practice","car","[  72. -223.]",72,-223
"223",23,"Sort1","M07sad_o","[-357. -372.]",-357,-372
"223",23,"Sort1","M07sad_c","[-214. -372.]",-214,-372
"223",23,"Sort1","M07neut_o","[ 358. -223.]",358,-223
"223",23,"Sort1","M07disg_c","[ -71. -372.]",-71,-372
"223",23,"Sort1","M07exc_c","[ 215.  224.]",215,224
"223",23,"Sort1","M07ang_o","[ 358. -372.]",358,-372
"223",23,"Sort1","M07surp_o","[ 501.  224.]",501,224
"223",23,"Sort1","M07calm_o","[  72.  224.]",72,224
"223",23,"Sort1","M07hap_o","[ 358.  224.]",358,224
"223",23,"Sort1","M07fear_o","[ 215. -223.]",215,-223
"223",23,"Sort1","M07hap_c","[ 501.   75.]",501,75
"223",23,"Sort1","M07ang_c","[ 215. -372.]",215,-372
"223",23,"Sort1","M07surp_c","[-357.  224.]",-357,224
"223",23,"Sort1","M07disg_o","[ 501. -223.]",501,-223
"223",23,"Sort1","M07neut_c","[-214.  224.]",-214,224
"223",23,"Sort1","M07exc_o","[ 358.   75.]",358,75
"223",23,"Sort1","M07fear_c","[-357.   75.]",-357,75
"223",23,"Sort1","M07calm_c","[ 215.   75.]",215,75
"223",23,"Sort2","M17sad_o","[-643. -372.]",-643,-372
"223",23,"Sort2","F22sad_c","[-500. -372.]",-500,-372
"223",23,"Sort2","F01fear_c","[-500.  373.]",-500,373
"223",23,"Sort2","F07neut_c","[-357.  373.]",-357,373
"223",23,"Sort2","F10disg_o","[ 215. -372.]",215,-372
"223",23,"Sort2","F04ang_o","[  72. -372.]",72,-372
"223",23,"Sort2","M15surp_o","[-357.  -74.]",-357,-74
"223",23,"Sort2","M14neut_o","[-214.  373.]",-214,373
"223",23,"Sort2","M04disg_c","[ 215. -223.]",215,-223
"223",23,"Sort2","F13exc_o","[ 215.  224.]",215,224
"223",23,"Sort2","M05exc_c","[ 358.  224.]",358,224
"223",23,"Sort2","F17calm_o","[  72.  224.]",72,224
"223",23,"Sort2","M08fear_o","[-214.  -74.]",-214,-74
"223",23,"Sort2","M12hap_o","[ 501.  224.]",501,224
"223",23,"Sort2","F14surp_c","[-500.  -74.]",-500,-74
"223",23,"Sort2","M03calm_c","[-500.  224.]",-500,224
"223",23,"Sort2","M02ang_c","[ 358. -372.]",358,-372
"223",23,"Sort2","F15hap_c","[ 644.  224.]",644,224
"224",24,"Practice","bird","[-214.   75.]",-214,75
"224",24,"Practice","table","[ 215.   75.]",215,75
"224",24,"Practice","bus","[ 215. -223.]",215,-223
"224",24,"Practice","car","[  72. -223.]",72,-223
"224",24,"Practice","squirrel","[-214.  -74.]",-214,-74
"224",24,"Sort1","M07fear_o","[-357.  224.]",-357,224
"224",24,"Sort1","M07calm_o","[ 358.   75.]",358,75
"224",24,"Sort1","M07ang_o","[ -71. -372.]",-71,-372
"224",24,"Sort1","M07surp_o","[ 644.  373.]",644,373
"224",24,"Sort1","M07hap_o","[ 501.  224.]",501,224
"224",24,"Sort1","M07sad_o","[-500.   75.]",-500,75
"224",24,"Sort1","M07neut_o","[-71. -74.]",-71,-74
"224",24,"Sort1","M07surp_c","[ -71.  224.]",-71,224
"224",24,"Sort1","M07ang_c","[ -71. -223.]",-71,-223
"224",24,"Sort1","M07sad_c","[-500.  224.]",-500,224
"224",24,"Sort1","M07fear_c","[-214.  224.]",-214,224
"224",24,"Sort1","M07neut_c","[ 72. -74.]",72,-74
"224",24,"Sort1","M07disg_o","[-214. -223.]",-214,-223
"224",24,"Sort1","M07hap_c","[ 215.  224.]",215,224
"224",24,"Sort1","M07calm_c","[ 215.   75.]",215,75
"224",24,"Sort1","M07disg_c","[-357.  -74.]",-357,-74
"224",24,"Sort1","M07exc_o","[ 215.  -74.]",215,-74
"224",24,"Sort1","M07exc_c","[ 358.  224.]",358,224
"224",24,"Sort2","F13exc_o","[ 501.  373.]",501,373
"224",24,"Sort2","M14neut_o","[ -71. -223.]",-71,-223
"224",24,"Sort2","F04ang_o","[-500. -372.]",-500,-372
"224",24,"Sort2","M15surp_o","[ 358. -372.]",358,-372
"224",24,"Sort2","M04disg_c","[-214. -223.]",-214,-223
"224",24,"Sort2","M17sad_o","[-357.   75.]",-357,75
"224",24,"Sort2","F01fear_c","[-214.  -74.]",-214,-74
"224",24,"Sort2","M08fear_o","[  72. -223.]",72,-223
"224",24,"Sort2","F17calm_o","[ 358.   75.]",358,75
"224",24,"Sort2","F22sad_c","[-71.  75.]",-71,75
"224",24,"Sort2","M02ang_c","[-500.  373.]",-500,373
"224",24,"Sort2","F14surp_c","[ 215. -223.]",215,-223
"224",24,"Sort2","M12hap_o","[-357.  224.]",-357,224
"224",24,"Sort2","M05exc_c","[ 501.  224.]",501,224
"224",24,"Sort2","F15hap_c","[ 358.  224.]",358,224
"224",24,"Sort2","F07neut_c","[ 72.  75.]",72,75
"224",24,"Sort2","M03calm_c","[ -71.  224.]",-71,224
"224",24,"Sort2","F10disg_o","[-357. -223.]",-357,-223
"225",25,"Practice","car","[-643.  373.]",-643,373
"225",25,"Practice","bus","[-500.  373.]",-500,373
"225",25,"Practice","bird","[ 644. -372.]",644,-372
"225",25,"Practice","squirrel","[ 644. -223.]",644,-223
"225",25,"Practice","table","[ 644.  373.]",644,373
"225",25,"Sort1","M07surp_c","[ -71. -372.]",-71,-372
"225",25,"Sort1","M07calm_c","[ 215. -223.]",215,-223
"225",25,"Sort1","M07neut_c","[ 501.  -74.]",501,-74
"225",25,"Sort1","M07fear_c","[ 501.   75.]",501,75
"225",25,"Sort1","M07neut_o","[ 644. -372.]",644,-372
"225",25,"Sort1","M07sad_c","[ 358.  -74.]",358,-74
"225",25,"Sort1","M07hap_o","[-357. -372.]",-357,-372
"225",25,"Sort1","M07exc_o","[ 501.  224.]",501,224
"225",25,"Sort1","M07calm_o","[ 215. -372.]",215,-372
"225",25,"Sort1","M07disg_c","[ 215.   75.]",215,75
"225",25,"Sort1","M07fear_o","[ 501.  373.]",501,373
"225",25,"Sort1","M07ang_o","[-500.  224.]",-500,224
"225",25,"Sort1","M07disg_o","[-214.  224.]",-214,224
"225",25,"Sort1","M07exc_c","[-214. -372.]",-214,-372
"225",25,"Sort1","M07surp_o","[-500. -372.]",-500,-372
"225",25,"Sort1","M07sad_o","[ 215.  224.]",215,224
"225",25,"Sort1","M07hap_c","[  72. -372.]",72,-372
"225",25,"Sort1","M07ang_c","[ 72.  75.]",72,75
"225",25,"Sort2","M08fear_o","[-643.   75.]",-643,75
"225",25,"Sort2","F15hap_c","[ 644.   75.]",644,75
"225",25,"Sort2","F14surp_c","[-643.  -74.]",-643,-74
"225",25,"Sort2","M02ang_c","[  72.  373.]",72,373
"225",25,"Sort2","F01fear_c","[  72. -372.]",72,-372
"225",25,"Sort2","F22sad_c","[ -71.  373.]",-71,373
"225",25,"Sort2","M04disg_c","[ -71. -372.]",-71,-372
"225",25,"Sort2","M03calm_c","[ 644.  -74.]",644,-74
"225",25,"Sort2","M14neut_o","[-643.  224.]",-643,224
"225",25,"Sort2","F07neut_c","[ 644. -372.]",644,-372
"225",25,"Sort2","F13exc_o","[ 644.  224.]",644,224
"225",25,"Sort2","F04ang_o","[-214. -372.]",-214,-372
"225",25,"Sort2","M12hap_o","[ 501.  224.]",501,224
"225",25,"Sort2","F10disg_o","[-214. -223.]",-214,-223
"225",25,"Sort2","M15surp_o","[-500.   75.]",-500,75
"225",25,"Sort2","M17sad_o","[ 215.  373.]",215,373
"225",25,"Sort2","M05exc_c","[ 501.   75.]",501,75
"225",25,"Sort2","F17calm_o","[ 644.  373.]",644,373
"226",26,"Practice","bird","[-357.  224.]",-357,224
"226",26,"Practice","table","[ 358.  224.]",358,224
"226",26,"Practice","car","[ 215. -223.]",215,-223
"226",26,"Practice","bus","[  72. -223.]",72,-223
"226",26,"Practice","squirrel","[-357.   75.]",-357,75
"226",26,"Sort1","M07exc_c","[-500.  373.]",-500,373
"226",26,"Sort1","M07neut_c","[-500. -223.]",-500,-223
"226",26,"Sort1","M07disg_o","[  72. -372.]",72,-372
"226",26,"Sort1","M07hap_c","[-357.  373.]",-357,373
"226",26,"Sort1","M07disg_c","[ 358.  -74.]",358,-74
"226",26,"Sort1","M07neut_o","[-500. -372.]",-500,-372
"226",26,"Sort1","M07sad_c","[ 358.  224.]",358,224
"226",26,"Sort1","M07surp_c","[-500.   75.]",-500,75
"226",26,"Sort1","M07hap_o","[-214.  373.]",-214,373
"226",26,"Sort1","M07ang_c","[ 215.  -74.]",215,-74
"226",26,"Sort1","M07fear_c","[-357. -223.]",-357,-223
"226",26,"Sort1","M07exc_o","[ 215. -372.]",215,-372
"226",26,"Sort1","M07fear_o","[ 215.  224.]",215,224
"226",26,"Sort1","M07ang_o","[ 72. -74.]",72,-74
"226",26,"Sort1","M07calm_o","[-357.   75.]",-357,75
"226",26,"Sort1","M07calm_c","[-214.   75.]",-214,75
"226",26,"Sort1","M07surp_o","[ -71.  373.]",-71,373
"226",26,"Sort1","M07sad_o","[ 501.  224.]",501,224
"226",26,"Sort2","F10disg_o","[ 215.  -74.]",215,-74
"226",26,"Sort2","F14surp_c","[ 215.  224.]",215,224
"226",26,"Sort2","M12hap_o","[-500.  373.]",-500,373
"226",26,"Sort2","M05exc_c","[-357.  373.]",-357,373
"226",26,"Sort2","F07neut_c","[-500.   75.]",-500,75
"226",26,"Sort2","F01fear_c","[-357.   75.]",-357,75
"226",26,"Sort2","F22sad_c","[-214. -372.]",-214,-372
"226",26,"Sort2","M08fear_o","[ 358.  224.]",358,224
"226",26,"Sort2","M04disg_c","[ -71. -372.]",-71,-372
"226",26,"Sort2","F17calm_o","[-214.  373.]",-214,373
"226",26,"Sort2","M02ang_c","[ 72. -74.]",72,-74
"226",26,"Sort2","M03calm_c","[-357.  -74.]",-357,-74
"226",26,"Sort2","F13exc_o","[ -71.  373.]",-71,373
"226",26,"Sort2","F04ang_o","[ 358.  -74.]",358,-74
"226",26,"Sort2","M14neut_o","[ 501.  224.]",501,224
"226",26,"Sort2","F15hap_c","[-643.  373.]",-643,373
"226",26,"Sort2","M15surp_o","[ 644.  224.]",644,224
"226",26,"Sort2","M17sad_o","[  72. -372.]",72,-372
"227",27,"Practice","table","[-643.  373.]",-643,373
"227",27,"Practice","bus","[ 644. -372.]",644,-372
"227",27,"Practice","car","[ 358. -372.]",358,-372
"227",27,"Practice","bird","[ 644.  373.]",644,373
"227",27,"Practice","squirrel","[ 215.   75.]",215,75
"227",27,"Sort1","M07ang_c","[-643. -372.]",-643,-372
"227",27,"Sort1","M07calm_o","[-643.  373.]",-643,373
"227",27,"Sort1","M07surp_c","[ 644. -223.]",644,-223
"227",27,"Sort1","M07exc_o","[ 644. -372.]",644,-372
"227",27,"Sort1","M07exc_c","[-643.  224.]",-643,224
"227",27,"Sort1","M07sad_o","[ 644.  373.]",644,373
"227",27,"Sort1","M07calm_c","[-500.  373.]",-500,373
"227",27,"Sort1","M07neut_o","[ 644.  224.]",644,224
"227",27,"Sort1","M07neut_c","[ 501. -372.]",501,-372
"227",27,"Sort1","M07disg_o","[-357.  -74.]",-357,-74
"227",27,"Sort1","M07hap_o","[-500.  224.]",-500,224
"227",27,"Sort1","M07surp_o","[-357.  373.]",-357,373
"227",27,"Sort1","M07fear_o","[ 501.  224.]",501,224
"227",27,"Sort1","M07ang_o","[-500. -372.]",-500,-372
"227",27,"Sort1","M07disg_c","[ -71. -372.]",-71,-372
"227",27,"Sort1","M07hap_c","[-214.  373.]",-214,373
"227",27,"Sort1","M07fear_c","[ 501.  373.]",501,373
"227",27,"Sort1","M07sad_c","[  72. -372.]",72,-372
"227",27,"Sort2","F17calm_o","[-643.  373.]",-643,373
"227",27,"Sort2","M14neut_o","[-643. -223.]",-643,-223
"227",27,"Sort2","M08fear_o","[-357. -223.]",-357,-223
"227",27,"Sort2","M03calm_c","[-643.  224.]",-643,224
"227",27,"Sort2","F10disg_o","[ 644. -372.]",644,-372
"227",27,"Sort2","M17sad_o","[-500. -223.]",-500,-223
"227",27,"Sort2","F15hap_c","[-500.  224.]",-500,224
"227",27,"Sort2","F01fear_c","[-500. -372.]",-500,-372
"227",27,"Sort2","F14surp_c","[-357. -372.]",-357,-372
"227",27,"Sort2","M12hap_o","[-500.  373.]",-500,373
"227",27,"Sort2","M04disg_c","[ 501. -372.]",501,-372
"227",27,"Sort2","M15surp_o","[-643. -372.]",-643,-372
"227",27,"Sort2","F13exc_o","[-357.  373.]",-357,373
"227",27,"Sort2","F04ang_o","[ 644. -223.]",644,-223
"227",27,"Sort2","F07neut_c","[-71.  75.]",-71,75
"227",27,"Sort2","M05exc_c","[-357.  224.]",-357,224
"227",27,"Sort2","M02ang_c","[ 501. -223.]",501,-223
"227",27,"Sort2","F22sad_c","[ 215.  -74.]",215,-74
"228",28,"Practice","bird","[-214.  -74.]",-214,-74
"228",28,"Practice","squirrel","[ 215.   75.]",215,75
"228",28,"Practice","table","[  72. -372.]",72,-372
"228",28,"Practice","car","[-214.  224.]",-214,224
"228",28,"Practice","bus","[-357.  224.]",-357,224
"228",28,"Sort1","M07hap_o","[ 72. -74.]",72,-74
"228",28,"Sort1","M07hap_c","[ 215.  -74.]",215,-74
"228",28,"Sort1","M07fear_o","[-643.   75.]",-643,75
"228",28,"Sort1","M07sad_c","[ 215.  224.]",215,224
"228",28,"Sort1","M07exc_c","[-71. -74.]",-71,-74
"228",28,"Sort1","M07ang_o","[-500. -372.]",-500,-372
"228",28,"Sort1","M07disg_o","[-214.  373.]",-214,373
"228",28,"Sort1","M07sad_o","[ 358.  224.]",358,224
"228",28,"Sort1","M07neut_o","[-357. -372.]",-357,-372
"228",28,"Sort1","M07surp_o","[ 358.  -74.]",358,-74
"228",28,"Sort1","M07exc_o","[-500.   75.]",-500,75
"228",28,"Sort1","M07surp_c","[-357.   75.]",-357,75
"228",28,"Sort1","M07ang_c","[-214. -372.]",-214,-372
"228",28,"Sort1","M07neut_c","[ -71. -372.]",-71,-372
"228",28,"Sort1","M07calm_c","[ 215. -223.]",215,-223
"228",28,"Sort1","M07calm_o","[ 358. -223.]",358,-223
"228",28,"Sort1","M07fear_c","[-214.   75.]",-214,75
"228",28,"Sort1","M07disg_c","[ 501.  224.]",501,224
"228",28,"Sort2","M04disg_c","[-214. -372.]",-214,-372
"228",28,"Sort2","M05exc_c","[ 501.  373.]",501,373
"228",28,"Sort2","F13exc_o","[ 358.  373.]",358,373
"228",28,"Sort2","F22sad_c","[-357. -372.]",-357,-372
"228",28,"Sort2","F10disg_o","[-643. -372.]",-643,-372
"228",28,"Sort2","F04ang_o","[-500. -372.]",-500,-372
"228",28,"Sort2","M12hap_o","[ 501.  224.]",501,224
"228",28,"Sort2","M17sad_o","[-500.  373.]",-500,373
"228",28,"Sort2","F01fear_c","[-643.   75.]",-643,75
"228",28,"Sort2","M15surp_o","[-500.   75.]",-500,75
"228",28,"Sort2","M03calm_c","[ 215.  -74.]",215,-74
"228",28,"Sort2","M08fear_o","[-357.   75.]",-357,75
"228",28,"Sort2","F17calm_o","[ 358.  224.]",358,224
"228",28,"Sort2","F14surp_c","[-643.  -74.]",-643,-74
"228",28,"Sort2","F15hap_c","[ 644.  373.]",644,373
"228",28,"Sort2","M14neut_o","[  72. -372.]",72,-372
"228",28,"Sort2","M02ang_c","[ -71. -372.]",-71,-372
"228",28,"Sort2","F07neut_c","[ 72. -74.]",72,-74
"229",29,"Practice","squirrel","[ 215.  -74.]",215,-74
"229",29,"Practice","bus","[-214.  224.]",-214,224
"229",29,"Practice","car","[-357.  224.]",-357,224
"229",29,"Practice","table","[-214. -223.]",-214,-223
"229",29,"Practice","bird","[ 215.   75.]",215,75
"229",29,"Sort1","M07ang_o","[-500.  224.]",-500,224
"229",29,"Sort1","M07surp_o","[ 358.  224.]",358,224
"229",29,"Sort1","M07disg_o","[-643.   75.]",-643,75
"229",29,"Sort1","M07ang_c","[-214. -372.]",-214,-372
"229",29,"Sort1","M07hap_c","[ 501.  224.]",501,224
"229",29,"Sort1","M07calm_c","[ 501.   75.]",501,75
"229",29,"Sort1","M07disg_c","[-500.   75.]",-500,75
"229",29,"Sort1","M07fear_c","[ 358. -223.]",358,-223
"229",29,"Sort1","M07sad_c","[-357. -223.]",-357,-223
"229",29,"Sort1","M07neut_c","[ -71.  224.]",-71,224
"229",29,"Sort1","M07fear_o","[ 215. -223.]",215,-223
"229",29,"Sort1","M07exc_c","[ 358.   75.]",358,75
"229",29,"Sort1","M07exc_o","[ 215.   75.]",215,75
"229",29,"Sort1","M07neut_o","[-214.  224.]",-214,224
"229",29,"Sort1","M07hap_o","[ 215.  224.]",215,224
"229",29,"Sort1","M07sad_o","[ 501. -223.]",501,-223
"229",29,"Sort1","M07surp_c","[ 358.  373.]",358,373
"229",29,"Sort1","M07calm_o","[ 215.  373.]",215,373
"229",29,"Sort2","F04ang_o","[-500.  373.]",-500,373
"229",29,"Sort2","M15surp_o","[ 215. -372.]",215,-372
"229",29,"Sort2","M12hap_o","[ 358.  224.]",358,224
"229",29,"Sort2","F17calm_o","[ 358.   75.]",358,75
"229",29,"Sort2","M05exc_c","[ 215.   75.]",215,75
"229",29,"Sort2","F15hap_c","[ 215.  224.]",215,224
"229",29,"Sort2","F07neut_c","[-214.  -74.]",-214,-74
"229",29,"Sort2","M02ang_c","[-500.  224.]",-500,224
"229",29,"Sort2","F22sad_c","[-357.  373.]",-357,373
"229",29,"Sort2","F14surp_c","[  72. -372.]",72,-372
"229",29,"Sort2","F13exc_o","[ 501.  224.]",501,224
"229",29,"Sort2","F10disg_o","[-357.  224.]",-357,224
"229",29,"Sort2","M03calm_c","[-357.  -74.]",-357,-74
"229",29,"Sort2","F01fear_c","[ 358. -372.]",358,-372
"229",29,"Sort2","M04disg_c","[-214.  373.]",-214,373
"229",29,"Sort2","M17sad_o","[-214.  224.]",-214,224
"229",29,"Sort2","M08fear_o","[  72. -223.]",72,-223
"229",29,"Sort2","M14neut_o","[ 215. -223.]",215,-223
"230",30,"Practice","car","[-214.   75.]",-214,75
"230",30,"Practice","squirrel","[ 358. -223.]",358,-223
"230",30,"Practice","bus","[-214.  -74.]",-214,-74
"230",30,"Practice","table","[ 215.  224.]",215,224
"230",30,"Practice","bird","[ 501. -223.]",501,-223
"230",30,"Sort1","M07exc_c","[-500.  224.]",-500,224
"230",30,"Sort1","M07surp_c","[-214.  224.]",-214,224
"230",30,"Sort1","M07sad_o","[ 215.  224.]",215,224
"230",30,"Sort1","M07disg_o","[ 644.  -74.]",644,-74
"230",30,"Sort1","M07hap_c","[-643.  224.]",-643,224
"230",30,"Sort1","M07neut_c","[ -71.  224.]",-71,224
"230",30,"Sort1","M07ang_c","[ 644. -223.]",644,-223
"230",30,"Sort1","M07fear_o","[ 358.  224.]",358,224
"230",30,"Sort1","M07sad_c","[-357. -223.]",-357,-223
"230",30,"Sort1","M07exc_o","[ 501.  224.]",501,224
"230",30,"Sort1","M07neut_o","[  72.  224.]",72,224
"230",30,"Sort1","M07calm_c","[-357.  224.]",-357,224
"230",30,"Sort1","M07surp_o","[-643.  373.]",-643,373
"230",30,"Sort1","M07disg_c","[ 501.  -74.]",501,-74
"230",30,"Sort1","M07fear_c","[-214.  373.]",-214,373
"230",30,"Sort1","M07ang_o","[ 501. -223.]",501,-223
"230",30,"Sort1","M07hap_o","[-643.   75.]",-643,75
"230",30,"Sort1","M07calm_o","[-500.   75.]",-500,75
"230",30,"Sort2","F10disg_o","[-643.  373.]",-643,373
"230",30,"Sort2","M08fear_o","[-357.  373.]",-357,373
"230",30,"Sort2","M17sad_o","[-357.  224.]",-357,224
"230",30,"Sort2","M12hap_o","[ 501.  373.]",501,373
"230",30,"Sort2","M05exc_c","[ 644.  373.]",644,373
"230",30,"Sort2","F14surp_c","[ 501. -372.]",501,-372
"230",30,"Sort2","F17calm_o","[ 501.  224.]",501,224
"230",30,"Sort2","F13exc_o","[ 644.  224.]",644,224
"230",30,"Sort2","F22sad_c","[-71. -74.]",-71,-74
"230",30,"Sort2","M03calm_c","[ 501.   75.]",501,75
"230",30,"Sort2","F01fear_c","[ 72. -74.]",72,-74
"230",30,"Sort2","F15hap_c","[ 644.   75.]",644,75
"230",30,"Sort2","M15surp_o","[ 644. -372.]",644,-372
"230",30,"Sort2","F07neut_c","[-214.  -74.]",-214,-74
"230",30,"Sort2","M02ang_c","[-500.  373.]",-500,373
"230",30,"Sort2","F04ang_o","[-500.  224.]",-500,224
"230",30,"Sort2","M04disg_c","[-643.  224.]",-643,224
"230",30,"Sort2","M14neut_o","[-357.  -74.]",-357,-74
"231",31,"Practice","squirrel","[-71.  75.]",-71,75
"231",31,"Practice","bird","[-500.  224.]",-500,224
"231",31,"Practice","table","[ 644.  373.]",644,373
"231",31,"Practice","car","[ 501.   75.]",501,75
"231",31,"Practice","bus","[ 501.  -74.]",501,-74
"231",31,"Sort1","M07neut_o","[-500.  224.]",-500,224
"231",31,"Sort1","M07exc_o","[-357.   75.]",-357,75
"231",31,"Sort1","M07hap_o","[ 501.  -74.]",501,-74
"231",31,"Sort1","M07calm_o","[ 358.  -74.]",358,-74
"231",31,"Sort1","M07sad_c","[-214. -223.]",-214,-223
"231",31,"Sort1","M07surp_o","[ 644.  -74.]",644,-74
"231",31,"Sort1","M07fear_c","[-357.  -74.]",-357,-74
"231",31,"Sort1","M07surp_c","[-214.   75.]",-214,75
"231",31,"Sort1","M07hap_c","[ 215.  -74.]",215,-74
"231",31,"Sort1","M07exc_c","[ 72. -74.]",72,-74
"231",31,"Sort1","M07disg_o","[  72. -372.]",72,-372
"231",31,"Sort1","M07disg_c","[ -71. -372.]",-71,-372
"231",31,"Sort1","M07sad_o","[ -71. -223.]",-71,-223
"231",31,"Sort1","M07calm_c","[-71. -74.]",-71,-74
"231",31,"Sort1","M07fear_o","[-500.   75.]",-500,75
"231",31,"Sort1","M07ang_c","[-214. -372.]",-214,-372
"231",31,"Sort1","M07neut_c","[-643.  224.]",-643,224
"231",31,"Sort1","M07ang_o","[-357. -372.]",-357,-372
"231",31,"Sort2","F01fear_c","[ 358.   75.]",358,75
"231",31,"Sort2","M03calm_c","[ 358.  224.]",358,224
"231",31,"Sort2","M04disg_c","[-357. -223.]",-357,-223
"231",31,"Sort2","M14neut_o","[ 215.  224.]",215,224
"231",31,"Sort2","F22sad_c","[ 501. -223.]",501,-223
"231",31,"Sort2","M15surp_o","[ -71.  224.]",-71,224
"231",31,"Sort2","M02ang_c","[-500.  -74.]",-500,-74
"231",31,"Sort2","M08fear_o","[ 644.   75.]",644,75
"231",31,"Sort2","M05exc_c","[ -71. -372.]",-71,-372
"231",31,"Sort2","F10disg_o","[-500. -223.]",-500,-223
"231",31,"Sort2","M12hap_o","[  72. -372.]",72,-372
"231",31,"Sort2","F07neut_c","[ 215.   75.]",215,75
"231",31,"Sort2","M17sad_o","[-643.   75.]",-643,75
"231",31,"Sort2","F15hap_c","[  72. -223.]",72,-223
"231",31,"Sort2","F13exc_o","[ -71. -223.]",-71,-223
"231",31,"Sort2","F17calm_o","[ 215. -372.]",215,-372
"231",31,"Sort2","F14surp_c","[-214.  224.]",-214,224
"231",31,"Sort2","F04ang_o","[-357.  -74.]",-357,-74
"232",132,"Practice","bus","[-71.  75.]",-71,75
"232",132,"Practice","squirrel","[-500.  224.]",-500,224
"232",132,"Practice","car","[ 72.  75.]",72,75
"232",132,"Practice","table","[ 501.  224.]",501,224
"232",132,"Practice","bird","[-500.  -74.]",-500,-74
"232",132,"Sort1","M07fear_o","[-71.  75.]",-71,75
"232",132,"Sort1","M07surp_o","[ 501.   75.]",501,75
"232",132,"Sort1","M07hap_c","[ 215.   75.]",215,75
"232",132,"Sort1","M07calm_c","[ 72.  75.]",72,75
"232",132,"Sort1","M07fear_c","[-71. -74.]",-71,-74
"232",132,"Sort1","M07neut_c","[ 72. -74.]",72,-74
"232",132,"Sort1","M07surp_c","[ 215.  -74.]",215,-74
"232",132,"Sort1","M07disg_c","[-214.   75.]",-214,75
"232",132,"Sort1","M07disg_o","[-214.  -74.]",-214,-74
"232",132,"Sort1","M07ang_o","[-357.  -74.]",-357,-74
"232",132,"Sort1","M07calm_o","[ 358.   75.]",358,75
"232",132,"Sort1","M07exc_c","[ 358.  -74.]",358,-74
"232",132,"Sort1","M07sad_c","[-357.   75.]",-357,75
"232",132,"Sort1","M07hap_o","[ 501.  -74.]",501,-74
"232",132,"Sort1","M07sad_o","[-500.  -74.]",-500,-74
"232",132,"Sort1","M07exc_o","[ 215. -223.]",215,-223
"232",132,"Sort1","M07ang_c","[-500.   75.]",-500,75
"232",132,"Sort1","M07neut_o","[ -71. -223.]",-71,-223
"232",132,"Sort2","F13exc_o","[ 358.   75.]",358,75
"232",132,"Sort2","M15surp_o","[  72. -223.]",72,-223
"232",132,"Sort2","M05exc_c","[ 215.   75.]",215,75
"232",132,"Sort2","F15hap_c","[ 358.  -74.]",358,-74
"232",132,"Sort2","M02ang_c","[-500.  -74.]",-500,-74
"232",132,"Sort2","F14surp_c","[ -71. -223.]",-71,-223
"232",132,"Sort2","M08fear_o","[ -71. -372.]",-71,-372
"232",132,"Sort2","F07neut_c","[-357. -223.]",-357,-223
"232",132,"Sort2","M12hap_o","[ 358.  224.]",358,224
"232",132,"Sort2","F04ang_o","[-357.  224.]",-357,224
"232",132,"Sort2","M14neut_o","[-214. -223.]",-214,-223
"232",132,"Sort2","F10disg_o","[-500.  224.]",-500,224
"232",132,"Sort2","F22sad_c","[-500. -223.]",-500,-223
"232",132,"Sort2","M04disg_c","[-214.  -74.]",-214,-74
"232",132,"Sort2","M17sad_o","[-214. -372.]",-214,-372
"232",132,"Sort2","M03calm_c","[ 215.  -74.]",215,-74
"232",132,"Sort2","F17calm_o","[ 501.  -74.]",501,-74
"232",132,"Sort2","F01fear_c","[-357.  -74.]",-357,-74
"233",133,"Practice","bus","[-214.   75.]",-214,75
"233",133,"Practice","squirrel","[ 644. -372.]",644,-372
"233",133,"Practice","car","[-214.  -74.]",-214,-74
"233",133,"Practice","table","[ 644.  373.]",644,373
"233",133,"Practice","bird","[ 501. -223.]",501,-223
"233",133,"Sort1","M07disg_c","[-643.   75.]",-643,75
"233",133,"Sort1","M07surp_o","[ 644. -372.]",644,-372
"233",133,"Sort1","M07fear_o","[-214.   75.]",-214,75
"233",133,"Sort1","M07ang_o","[-643.  -74.]",-643,-74
"233",133,"Sort1","M07surp_c","[ 215.  -74.]",215,-74
"233",133,"Sort1","M07neut_c","[-357.   75.]",-357,75
"233",133,"Sort1","M07sad_o","[-500.  -74.]",-500,-74
"233",133,"Sort1","M07calm_c","[ 358. -223.]",358,-223
"233",133,"Sort1","M07ang_c","[-643. -223.]",-643,-223
"233",133,"Sort1","M07calm_o","[ 358.  -74.]",358,-74
"233",133,"Sort1","M07sad_c","[-500.   75.]",-500,75
"233",133,"Sort1","M07exc_o","[-71.  75.]",-71,75
"233",133,"Sort1","M07neut_o","[-71. -74.]",-71,-74
"233",133,"Sort1","M07hap_o","[ 501. -372.]",501,-372
"233",133,"Sort1","M07hap_c","[ 501. -223.]",501,-223
"233",133,"Sort1","M07exc_c","[ 644. -223.]",644,-223
"233",133,"Sort1","M07fear_c","[-357.  224.]",-357,224
"233",133,"Sort1","M07disg_o","[-357.  -74.]",-357,-74
"233",133,"Sort2","F07neut_c","[-71.  75.]",-71,75
"233",133,"Sort2","M15surp_o","[-643.  373.]",-643,373
"233",133,"Sort2","F13exc_o","[ 358.   75.]",358,75
"233",133,"Sort2","F04ang_o","[-643. -372.]",-643,-372
"233",133,"Sort2","M08fear_o","[-643.  224.]",-643,224
"233",133,"Sort2","F14surp_c","[-214.   75.]",-214,75
"233",133,"Sort2","M17sad_o","[-357.  -74.]",-357,-74
"233",133,"Sort2","F15hap_c","[ 358. -223.]",358,-223
"233",133,"Sort2","F17calm_o","[ 215.  -74.]",215,-74
"233",133,"Sort2","M14neut_o","[-357.   75.]",-357,75
"233",133,"Sort2","F22sad_c","[-500.  -74.]",-500,-74
"233",133,"Sort2","M03calm_c","[-71. -74.]",-71,-74
"233",133,"Sort2","F01fear_c","[ -71. -223.]",-71,-223
"233",133,"Sort2","M04disg_c","[-643. -223.]",-643,-223
"233",133,"Sort2","M05exc_c","[ 501. -372.]",501,-372
"233",133,"Sort2","F10disg_o","[-500. -372.]",-500,-372
"233",133,"Sort2","M02ang_c","[-643.  -74.]",-643,-74
"233",133,"Sort2","M12hap_o","[ 501. -223.]",501,-223
"234",134,"Practice","squirrel","[-71. -74.]",-71,-74
"234",134,"Practice","table","[ 358.  224.]",358,224
"234",134,"Practice","car","[ 501. -223.]",501,-223
"234",134,"Practice","bus","[ 358. -223.]",358,-223
"234",134,"Practice","bird","[-214.  -74.]",-214,-74
"234",134,"Sort1","M07hap_o","[-500.  224.]",-500,224
"234",134,"Sort1","M07ang_c","[ 501. -223.]",501,-223
"234",134,"Sort1","M07surp_c","[ -71. -372.]",-71,-372
"234",134,"Sort1","M07sad_c","[ 501.  224.]",501,224
"234",134,"Sort1","M07disg_c","[ 501.   75.]",501,75
"234",134,"Sort1","M07neut_o","[  72. -372.]",72,-372
"234",134,"Sort1","M07calm_o","[-357.  -74.]",-357,-74
"234",134,"Sort1","M07exc_c","[-214. -372.]",-214,-372
"234",134,"Sort1","M07calm_c","[-500.   75.]",-500,75
"234",134,"Sort1","M07neut_c","[ 644. -223.]",644,-223
"234",134,"Sort1","M07fear_c","[ -71. -223.]",-71,-223
"234",134,"Sort1","M07ang_o","[ 644. -372.]",644,-372
"234",134,"Sort1","M07exc_o","[  72. -223.]",72,-223
"234",134,"Sort1","M07fear_o","[ 358.  224.]",358,224
"234",134,"Sort1","M07sad_o","[ 358.   75.]",358,75
"234",134,"Sort1","M07hap_c","[-357.   75.]",-357,75
"234",134,"Sort1","M07surp_o","[-357.  224.]",-357,224
"234",134,"Sort1","M07disg_o","[ 501. -372.]",501,-372
"234",134,"Sort2","M04disg_c","[-500. -223.]",-500,-223
"234",134,"Sort2","F17calm_o","[ 501.  224.]",501,224
"234",134,"Sort2","M08fear_o","[-500. -372.]",-500,-372
"234",134,"Sort2","F22sad_c","[ 501. -372.]",501,-372
"234",134,"Sort2","F07neut_c","[ 358.  224.]",358,224
"234",134,"Sort2","F01fear_c","[ 644.  224.]",644,224
"234",134,"Sort2","M14neut_o","[-643. -223.]",-643,-223
"234",134,"Sort2","F10disg_o","[-643.  224.]",-643,224
"234",134,"Sort2","F15hap_c","[ 358.   75.]",358,75
"234",134,"Sort2","F14surp_c","[-643. -372.]",-643,-372
"234",134,"Sort2","M02ang_c","[ 358. -372.]",358,-372
"234",134,"Sort2","F04ang_o","[-500.  224.]",-500,224
"234",134,"Sort2","M03calm_c","[ 501.   75.]",501,75
"234",134,"Sort2","F13exc_o","[ 644.   75.]",644,75
"234",134,"Sort2","M17sad_o","[ 644. -372.]",644,-372
"234",134,"Sort2","M05exc_c","[ 215.  224.]",215,224
"234",134,"Sort2","M15surp_o","[-357. -223.]",-357,-223
"234",134,"Sort2","M12hap_o","[ 215.   75.]",215,75
"235",135,"Practice","car","[-71.  75.]",-71,75
"235",135,"Practice","bus","[ 72.  75.]",72,75
"235",135,"Practice","table","[ 501.  224.]",501,224
"235",135,"Practice","bird","[-500. -223.]",-500,-223
"235",135,"Practice","squirrel","[-500.  -74.]",-500,-74
"235",135,"Sort1","M07calm_c","[-71. -74.]",-71,-74
"235",135,"Sort1","M07exc_o","[-357.  224.]",-357,224
"235",135,"Sort1","M07ang_o","[ 644.  224.]",644,224
"235",135,"Sort1","M07sad_o","[ 215. -372.]",215,-372
"235",135,"Sort1","M07hap_o","[ 72. -74.]",72,-74
"235",135,"Sort1","M07hap_c","[-71.  75.]",-71,75
"235",135,"Sort1","M07disg_o","[ 501.  224.]",501,224
"235",135,"Sort1","M07disg_c","[ 644.  373.]",644,373
"235",135,"Sort1","M07surp_c","[-357.   75.]",-357,75
"235",135,"Sort1","M07fear_c","[-500.  224.]",-500,224
"235",135,"Sort1","M07ang_c","[ 501.  373.]",501,373
"235",135,"Sort1","M07surp_o","[ 72.  75.]",72,75
"235",135,"Sort1","M07neut_c","[-500.  373.]",-500,373
"235",135,"Sort1","M07sad_c","[ 358. -372.]",358,-372
"235",135,"Sort1","M07neut_o","[-500.   75.]",-500,75
"235",135,"Sort1","M07calm_o","[  72.  224.]",72,224
"235",135,"Sort1","M07fear_o","[  72. -372.]",72,-372
"235",135,"Sort1","M07exc_c","[ -71.  224.]",-71,224
"235",135,"Sort2","F15hap_c","[-71.  75.]",-71,75
"235",135,"Sort2","M03calm_c","[ 72.  75.]",72,75
"235",135,"Sort2","F04ang_o","[-643.  373.]",-643,373
"235",135,"Sort2","M17sad_o","[ 358.  373.]",358,373
"235",135,"Sort2","M04disg_c","[-500.  224.]",-500,224
"235",135,"Sort2","M05exc_c","[ -71.  224.]",-71,224
"235",135,"Sort2","M12hap_o","[-71. -74.]",-71,-74
"235",135,"Sort2","F07neut_c","[ 501. -223.]",501,-223
"235",135,"Sort2","M08fear_o","[ 501.  224.]",501,224
"235",135,"Sort2","M02ang_c","[-643.  224.]",-643,224
"235",135,"Sort2","F17calm_o","[  72.  224.]",72,224
"235",135,"Sort2","M15surp_o","[ 358.  224.]",358,224
"235",135,"Sort2","F14surp_c","[ 501.  373.]",501,373
"235",135,"Sort2","F22sad_c","[ 358. -223.]",358,-223
"235",135,"Sort2","F01fear_c","[ 644. -223.]",644,-223
"235",135,"Sort2","M14neut_o","[ 358.   75.]",358,75
"235",135,"Sort2","F13exc_o","[ 72. -74.]",72,-74
"235",135,"Sort2","F10disg_o","[-500.  373.]",-500,373
"236",136,"Practice","bus","[ 358.  224.]",358,224
"236",136,"Practice","squirrel","[ -71. -223.]",-71,-223
"236",136,"Practice","table","[  72.  224.]",72,224
"236",136,"Practice","car","[ 501.   75.]",501,75
"236",136,"Practice","bird","[-71. -74.]",-71,-74
"236",136,"Sort1","M07exc_o","[ -71.  224.]",-71,224
"236",136,"Sort1","M07hap_o","[-643.  224.]",-643,224
"236",136,"Sort1","M07calm_c","[-71.  75.]",-71,75
"236",136,"Sort1","M07disg_c","[ 644. -372.]",644,-372
"236",136,"Sort1","M07surp_o","[-643.  373.]",-643,373
"236",136,"Sort1","M07sad_o","[ 358.  -74.]",358,-74
"236",136,"Sort1","M07exc_c","[-357.   75.]",-357,75
"236",136,"Sort1","M07fear_c","[-71. -74.]",-71,-74
"236",136,"Sort1","M07hap_c","[-214.   75.]",-214,75
"236",136,"Sort1","M07calm_o","[-214.  -74.]",-214,-74
"236",136,"Sort1","M07ang_o","[ 501. -372.]",501,-372
"236",136,"Sort1","M07neut_o","[  72. -223.]",72,-223
"236",136,"Sort1","M07neut_c","[ 72. -74.]",72,-74
"236",136,"Sort1","M07surp_c","[-357. -223.]",-357,-223
"236",136,"Sort1","M07sad_c","[ 501.  -74.]",501,-74
"236",136,"Sort1","M07ang_c","[ 358. -372.]",358,-372
"236",136,"Sort1","M07disg_o","[ 215.  224.]",215,224
"236",136,"Sort1","M07fear_o","[ 501.   75.]",501,75
"236",136,"Sort2","M03calm_c","[-71. -74.]",-71,-74
"236",136,"Sort2","M04disg_c","[ 501.  224.]",501,224
"236",136,"Sort2","F15hap_c","[-357.   75.]",-357,75
"236",136,"Sort2","F07neut_c","[ -71. -223.]",-71,-223
"236",136,"Sort2","M15surp_o","[ 501. -223.]",501,-223
"236",136,"Sort2","M17sad_o","[ 215. -223.]",215,-223
"236",136,"Sort2","F10disg_o","[ 358.  224.]",358,224
"236",136,"Sort2","M02ang_c","[ 215.  224.]",215,224
"236",136,"Sort2","M05exc_c","[-500.   75.]",-500,75
"236",136,"Sort2","M14neut_o","[-214. -223.]",-214,-223
"236",136,"Sort2","F04ang_o","[ 358.   75.]",358,75
"236",136,"Sort2","F01fear_c","[-71.  75.]",-71,75
"236",136,"Sort2","F14surp_c","[ 501. -372.]",501,-372
"236",136,"Sort2","M08fear_o","[ 644. -223.]",644,-223
"236",136,"Sort2","F22sad_c","[ 215. -372.]",215,-372
"236",136,"Sort2","F17calm_o","[-500.  -74.]",-500,-74
"236",136,"Sort2","M12hap_o","[-357.  224.]",-357,224
"236",136,"Sort2","F13exc_o","[-500.  224.]",-500,224
"237",137,"Practice","squirrel","[-214.  224.]",-214,224
"237",137,"Practice","car","[ 215.  -74.]",215,-74
"237",137,"Practice","bird","[-357.   75.]",-357,75
"237",137,"Practice","table","[-214. -372.]",-214,-372
"237",137,"Practice","bus","[ 215.   75.]",215,75
"237",137,"Sort1","M07disg_o","[-214.  224.]",-214,224
"237",137,"Sort1","M07fear_c","[ 358.   75.]",358,75
"237",137,"Sort1","M07exc_o","[-357.   75.]",-357,75
"237",137,"Sort1","M07calm_c","[-214. -223.]",-214,-223
"237",137,"Sort1","M07sad_c","[ 644.  224.]",644,224
"237",137,"Sort1","M07disg_c","[ 644. -223.]",644,-223
"237",137,"Sort1","M07ang_o","[-357.  224.]",-357,224
"237",137,"Sort1","M07sad_o","[ 501.  224.]",501,224
"237",137,"Sort1","M07neut_o","[-214.  -74.]",-214,-74
"237",137,"Sort1","M07calm_o","[-500. -223.]",-500,-223
"237",137,"Sort1","M07surp_c","[-214. -372.]",-214,-372
"237",137,"Sort1","M07exc_c","[-357. -223.]",-357,-223
"237",137,"Sort1","M07fear_o","[-214.   75.]",-214,75
"237",137,"Sort1","M07hap_o","[-643. -223.]",-643,-223
"237",137,"Sort1","M07surp_o","[-643. -372.]",-643,-372
"237",137,"Sort1","M07hap_c","[-357. -372.]",-357,-372
"237",137,"Sort1","M07ang_c","[ 501. -223.]",501,-223
"237",137,"Sort1","M07neut_c","[  72. -223.]",72,-223
"237",137,"Sort2","M12hap_o","[-357.  224.]",-357,224
"237",137,"Sort2","M02ang_c","[ 358. -223.]",358,-223
"237",137,"Sort2","M03calm_c","[ 72.  75.]",72,75
"237",137,"Sort2","F15hap_c","[-214.  224.]",-214,224
"237",137,"Sort2","F22sad_c","[ 358.  224.]",358,224
"237",137,"Sort2","F07neut_c","[-71.  75.]",-71,75
"237",137,"Sort2","F04ang_o","[ 215. -223.]",215,-223
"237",137,"Sort2","M17sad_o","[ 215.  224.]",215,224
"237",137,"Sort2","F01fear_c","[-71. -74.]",-71,-74
"237",137,"Sort2","M14neut_o","[ 72. -74.]",72,-74
"237",137,"Sort2","M08fear_o","[-214. -223.]",-214,-223
"237",137,"Sort2","F10disg_o","[ 215. -372.]",215,-372
"237",137,"Sort2","F13exc_o","[-214.  373.]",-214,373
"237",137,"Sort2","M04disg_c","[ 358. -372.]",358,-372
"237",137,"Sort2","M15surp_o","[-357. -223.]",-357,-223
"237",137,"Sort2","M05exc_c","[-357.  373.]",-357,373
"237",137,"Sort2","F17calm_o","[-500.  224.]",-500,224
"237",137,"Sort2","F14surp_c","[-214. -372.]",-214,-372
"238",138,"Practice","squirrel","[ 72.  75.]",72,75
"238",138,"Practice","car","[-500. -372.]",-500,-372
"238",138,"Practice","bird","[ 358.   75.]",358,75
"238",138,"Practice","table","[-643.  373.]",-643,373
"238",138,"Practice","bus","[-643. -372.]",-643,-372
"238",138,"Sort1","M07surp_c","[ 72. -74.]",72,-74
"238",138,"Sort1","M07ang_o","[ 644. -372.]",644,-372
"238",138,"Sort1","M07hap_c","[-357.  224.]",-357,224
"238",138,"Sort1","M07calm_o","[-214.   75.]",-214,75
"238",138,"Sort1","M07disg_c","[ 358. -223.]",358,-223
"238",138,"Sort1","M07fear_o","[ 215.  -74.]",215,-74
"238",138,"Sort1","M07disg_o","[ 501.  224.]",501,224
"238",138,"Sort1","M07calm_c","[-71. -74.]",-71,-74
"238",138,"Sort1","M07ang_c","[ 501. -372.]",501,-372
"238",138,"Sort1","M07sad_o","[ 358.  -74.]",358,-74
"238",138,"Sort1","M07hap_o","[-500.  373.]",-500,373
"238",138,"Sort1","M07neut_c","[ 72.  75.]",72,75
"238",138,"Sort1","M07exc_o","[-71.  75.]",-71,75
"238",138,"Sort1","M07exc_c","[-214.  224.]",-214,224
"238",138,"Sort1","M07fear_c","[ 215.   75.]",215,75
"238",138,"Sort1","M07sad_c","[ 215. -223.]",215,-223
"238",138,"Sort1","M07neut_o","[  72. -223.]",72,-223
"238",138,"Sort1","M07surp_o","[-643.  373.]",-643,373
"238",138,"Sort2","M08fear_o","[ -71. -372.]",-71,-372
"238",138,"Sort2","F04ang_o","[ 358. -223.]",358,-223
"238",138,"Sort2","M05exc_c","[-500.  224.]",-500,224
"238",138,"Sort2","M14neut_o","[ 72.  75.]",72,75
"238",138,"Sort2","F07neut_c","[-71. -74.]",-71,-74
"238",138,"Sort2","F13exc_o","[-357.  224.]",-357,224
"238",138,"Sort2","M12hap_o","[-214.   75.]",-214,75
"238",138,"Sort2","F15hap_c","[-357.   75.]",-357,75
"238",138,"Sort2","F17calm_o","[-500.   75.]",-500,75
"238",138,"Sort2","M17sad_o","[ 215. -372.]",215,-372
"238",138,"Sort2","M04disg_c","[ 215. -223.]",215,-223
"238",138,"Sort2","F14surp_c","[ 215.  -74.]",215,-74
"238",138,"Sort2","M03calm_c","[ 72. -74.]",72,-74
"238",138,"Sort2","F10disg_o","[ 358. -372.]",358,-372
"238",138,"Sort2","M02ang_c","[  72. -223.]",72,-223
"238",138,"Sort2","F22sad_c","[  72. -372.]",72,-372
"238",138,"Sort2","F01fear_c","[ -71. -223.]",-71,-223
"238",138,"Sort2","M15surp_o","[ 358.  -74.]",358,-74
"239",139,"Practice","car","[-357.  224.]",-357,224
"239",139,"Practice","squirrel","[ 215. -223.]",215,-223
"239",139,"Practice","table","[ 215.  224.]",215,224
"239",139,"Practice","bird","[-214. -223.]",-214,-223
"239",139,"Practice","bus","[-357.   75.]",-357,75
"239",139,"Sort1","M07neut_c","[-71.  75.]",-71,75
"239",139,"Sort1","M07hap_o","[ 358.  -74.]",358,-74
"239",139,"Sort1","M07calm_c","[ 72.  75.]",72,75
"239",139,"Sort1","M07surp_o","[ 644.   75.]",644,75
"239",139,"Sort1","M07fear_c","[-214.  -74.]",-214,-74
"239",139,"Sort1","M07calm_o","[ 215.  -74.]",215,-74
"239",139,"Sort1","M07disg_c","[-500.   75.]",-500,75
"239",139,"Sort1","M07fear_o","[-357.   75.]",-357,75
"239",139,"Sort1","M07neut_o","[-214.   75.]",-214,75
"239",139,"Sort1","M07surp_c","[-357.  -74.]",-357,-74
"239",139,"Sort1","M07ang_c","[-500.  -74.]",-500,-74
"239",139,"Sort1","M07exc_c","[ 501.   75.]",501,75
"239",139,"Sort1","M07hap_c","[ 358. -223.]",358,-223
"239",139,"Sort1","M07exc_o","[ -71. -223.]",-71,-223
"239",139,"Sort1","M07sad_o","[-643.  -74.]",-643,-74
"239",139,"Sort1","M07disg_o","[-500. -223.]",-500,-223
"239",139,"Sort1","M07sad_c","[ 72. -74.]",72,-74
"239",139,"Sort1","M07ang_o","[-643.   75.]",-643,75
"239",139,"Sort2","F14surp_c","[-71.  75.]",-71,75
"239",139,"Sort2","M04disg_c","[-500.  -74.]",-500,-74
"239",139,"Sort2","F15hap_c","[ 215.   75.]",215,75
"239",139,"Sort2","M15surp_o","[-214. -372.]",-214,-372
"239",139,"Sort2","M02ang_c","[-500.   75.]",-500,75
"239",139,"Sort2","M14neut_o","[-214.  -74.]",-214,-74
"239",139,"Sort2","F07neut_c","[ -71.  224.]",-71,224
"239",139,"Sort2","F13exc_o","[ 501.   75.]",501,75
"239",139,"Sort2","F01fear_c","[-71. -74.]",-71,-74
"239",139,"Sort2","M08fear_o","[-357.  -74.]",-357,-74
"239",139,"Sort2","F17calm_o","[ 215.  -74.]",215,-74
"239",139,"Sort2","F10disg_o","[-643.  -74.]",-643,-74
"239",139,"Sort2","M05exc_c","[ 358.  -74.]",358,-74
"239",139,"Sort2","M03calm_c","[ 72.  75.]",72,75
"239",139,"Sort2","M17sad_o","[-357.   75.]",-357,75
"239",139,"Sort2","M12hap_o","[ 215. -223.]",215,-223
"239",139,"Sort2","F22sad_c","[-357. -223.]",-357,-223
"239",139,"Sort2","F04ang_o","[-643.   75.]",-643,75
"240",140,"Practice","bird","[ 215.  224.]",215,224
"240",140,"Practice","table","[-500.  -74.]",-500,-74
"240",140,"Practice","car","[ -71. -223.]",-71,-223
"240",140,"Practice","bus","[  72. -223.]",72,-223
"240",140,"Practice","squirrel","[  72.  224.]",72,224
"240",140,"Sort1","M07disg_o","[-643. -372.]",-643,-372
"240",140,"Sort1","M07hap_c","[ 501.  -74.]",501,-74
"240",140,"Sort1","M07fear_o","[-500.  224.]",-500,224
"240",140,"Sort1","M07sad_c","[-500.  -74.]",-500,-74
"240",140,"Sort1","M07calm_c","[ 72. -74.]",72,-74
"240",140,"Sort1","M07surp_c","[ 215.  -74.]",215,-74
"240",140,"Sort1","M07ang_c","[-357. -372.]",-357,-372
"240",140,"Sort1","M07surp_o","[ 644.  -74.]",644,-74
"240",140,"Sort1","M07exc_c","[ 358.  -74.]",358,-74
"240",140,"Sort1","M07exc_o","[ -71.  224.]",-71,224
"240",140,"Sort1","M07disg_c","[-643.  -74.]",-643,-74
"240",140,"Sort1","M07fear_c","[-357.  224.]",-357,224
"240",140,"Sort1","M07calm_o","[ 501. -223.]",501,-223
"240",140,"Sort1","M07ang_o","[-500. -372.]",-500,-372
"240",140,"Sort1","M07neut_o","[-214. -223.]",-214,-223
"240",140,"Sort1","M07hap_o","[ 644. -223.]",644,-223
"240",140,"Sort1","M07neut_c","[ -71. -223.]",-71,-223
"240",140,"Sort1","M07sad_o","[-357.  -74.]",-357,-74
"240",140,"Sort2","M12hap_o","[ 358.   75.]",358,75
"240",140,"Sort2","M05exc_c","[ 644.   75.]",644,75
"240",140,"Sort2","F13exc_o","[ 644.  224.]",644,224
"240",140,"Sort2","F22sad_c","[-214.   75.]",-214,75
"240",140,"Sort2","F15hap_c","[ 644.  -74.]",644,-74
"240",140,"Sort2","M08fear_o","[-214. -372.]",-214,-372
"240",140,"Sort2","F17calm_o","[ 358.  -74.]",358,-74
"240",140,"Sort2","M15surp_o","[-357. -372.]",-357,-372
"240",140,"Sort2","F10disg_o","[-643.  224.]",-643,224
"240",140,"Sort2","M03calm_c","[ 72.  75.]",72,75
"240",140,"Sort2","F07neut_c","[-71.  75.]",-71,75
"240",140,"Sort2","M02ang_c","[-357.   75.]",-357,75
"240",140,"Sort2","M14neut_o","[ -71. -223.]",-71,-223
"240",140,"Sort2","F04ang_o","[-500.  224.]",-500,224
"240",140,"Sort2","F01fear_c","[-214.  224.]",-214,224
"240",140,"Sort2","M04disg_c","[-500.   75.]",-500,75
"240",140,"Sort2","F14surp_c","[-500. -372.]",-500,-372
"240",140,"Sort2","M17sad_o","[-357.  -74.]",-357,-74
